artist_id,artist_name,total_followers,genres,popularity
0du5cEVh5yTK9QJze8zA0C,Bruno Mars,47387027,"['dance pop', 'pop']",89
4IWBUUAFIplrNtaOHcJPRM,James Arthur,11471232,"['pop', 'talent show', 'uk pop']",82
69GGBxA162lTqCwzJG5jLp,The Chainsmokers,20036566,"['dance pop', 'edm', 'electropop', 'pop', 'pop dance', 'tropical house']",81
04gDigrS5kc9YWfZHwBETP,Maroon 5,40125006,['pop'],86
5p7f24Rk5HkUZsaS3BLG5F,Hailee Steinfeld,8535540,"['dance pop', 'pop', 'post-teen pop']",73
2wUjUUtkb5lvLKcGKsKqsR,Alessia Cara,11318666,"['canadian contemporary r&b', 'canadian pop', 'dance pop', 'pop', 'post-teen pop']",75
540vIaP2JwjQb9dm3aArA4,DJ Snake,8442843,"['dance pop', 'edm', 'electronic trap', 'pop', 'pop dance', 'pop rap']",78
1Xyo4u8uXC1ZmMpatF05PJ,The Weeknd,62316373,"['canadian contemporary r&b', 'canadian pop', 'pop']",98
46GXASE9LHzyssNqKOInUu,Dawin,226027,['nyc pop'],51
738wLrAtLtCtFOLvQBXOXp,Major Lazer,6344896,"['dance pop', 'edm', 'electro house', 'moombahton', 'pop', 'pop dance', 'pop rap', 'tropical house']",76
1HBjj22wzbscIZ9sEb5dyf,Jonas Blue,3767693,"['dance pop', 'edm', 'pop', 'pop dance', 'tropical house', 'uk dance']",76
6TIYQ3jFPwQSRmorSezPxX,Machine Gun Kelly,5029958,"['ohio hip hop', 'pop', 'pop rap']",80
5ZsFI1h6hIdQRw2ti0hz81,ZAYN,22095315,"['dance pop', 'pop', 'post-teen pop', 'uk pop']",77
7gAppWoH7pcYmphCVTXkzs,The Vamps,5615203,"['boy band', 'dance pop', 'pop', 'post-teen pop']",69
60d24wfXkVzDSfLS6hyCjZ,Martin Garrix,15771722,"['dance pop', 'dutch edm', 'edm', 'pop', 'pop dance', 'progressive house', 'tropical house']",78
66CXWjxzNUsdJxJ2JdwvnR,Ariana Grande,89271125,"['dance pop', 'pop']",91
02A3cEvlLLCbIMVDrK2GHV,Starley,194534,"['aussietronica', 'dance pop', 'pop dance', 'tropical house']",56
2oX42qP5ineK3hrhBECLmj,Andy Grammer,1135382,"['dance pop', 'neo mellow', 'pop', 'pop rap', 'pop rock', 'post-teen pop']",71
7n2wHs1TKAczGzO7Dd2rGr,Shawn Mendes,41247613,"['canadian pop', 'dance pop', 'pop', 'viral pop']",85
6MDME20pz9RveH9rEXvrOM,Clean Bandit,5131965,"['dance pop', 'edm', 'pop', 'pop dance', 'pop rap', 'tropical house', 'uk dance', 'uk funky']",75
0jKQrxK2zHqxyOAyIMrUQt,SUD,572277,"['opm', 'pinoy rock']",53
6VuMaDnrHyPL1p4EHjYLi7,Charlie Puth,19883906,"['dance pop', 'pop', 'viral pop']",83
77AiFEVeAVj2ORpC85QVJs,Steve Aoki,3737902,"['dance pop', 'edm', 'electro house', 'pop dance', 'pop rap', 'tropical house']",76
3e7awlrlDSwF3iM0WBjGMp,Little Mix,11290052,"['dance pop', 'girl group', 'pop', 'post-teen pop', 'talent show', 'uk pop']",77
3iri9nBFs9e4wN7PLIetAw,gnash,1591694,"['alt z', 'pop']",65
31TPClRtHm23RisEBtV3X7,Justin Timberlake,12784955,"['dance pop', 'pop']",81
7iZtZyCzp3LItcw1wtPI3D,Rae Sremmurd,7113790,"['hip hop', 'melodic rap', 'mississippi hip hop', 'pop rap', 'rap', 'southern hip hop', 'trap']",74
3WGpXCj9YhhfX11TToZcXP,Troye Sivan,7574120,"['australian pop', 'dance pop', 'pop', 'viral pop']",76
3TVXtAsR1Inumwj472S9r4,Drake,73727169,"['canadian hip hop', 'canadian pop', 'hip hop', 'rap', 'toronto rap']",97
6Dd3NScHWwnW6obMFbl1BH,Daya,1472885,"['alt z', 'dance pop', 'electropop', 'pop', 'pop dance', 'post-teen pop', 'tropical house']",70
7nKeLE1toRtW4M279iS26h,Zay Hilfigerrr,62650,[],42
4nGp682WMiKS4X217kPw8C,Silent Sanctuary,2982365,"['opm', 'pinoy rock']",65
2LZDXcxJWgsJfKXZv9a5eG,Cashmere Cat,321063,"['dance pop', 'downtempo', 'pop', 'post-teen pop', 'shiver pop']",56
3tQx1LPXbsYjE9VwN1Peaa,Marc E. Bassy,410112,"['pop', 'pop rap', 'post-teen pop', 'r&b']",62
6lB8vOoI4DRrrVxXwuV19c,Mike Perry,1482693,"['dance pop', 'edm', 'electro house', 'pop', 'pop dance', 'pop edm', 'swedish tropical house', 'tropical house']",69
50JJSqHUf2RQ9xsHs0KMHg,Jon Bellion,1360994,['pop rap'],68
3wbCeEPAW6po7J46netxMT,Up Dharma Down,961669,"['opm', 'pinoy indie', 'pinoy rock', 'pop rock']",60
0q4NrXqJnc367PieejuROJ,Vice,20079,['chicano rap'],43
6eUKZXaKkcviH0Ku9w2n3V,Ed Sheeran,110976449,"['pop', 'uk pop']",92
0rZRTXEmmPmx6gt92tBqIc,Moira Dela Torre,8848433,['opm'],71
3r3Rkuc4jmZHXgchgaXwnv,Suzi,9230,[],45
15NtJjjHRFybdNSMyM9smT,Nevada,15010,['eurodance'],47
7CajNmpbOovFoOoasH2HaY,Calvin Harris,23297988,"['dance pop', 'edm', 'electro house', 'house', 'pop', 'progressive house', 'uk dance']",87
1l8Fu6IkuTP0U5QetQJ5Xt,Fifth Harmony,15522920,"['dance pop', 'girl group', 'pop', 'post-teen pop', 'talent show']",70
1vg8YXdgvLLPPeXZkM7g5W,Daryl Ong,659734,"['opm', 'vispop']",49
1Xylc3o4UrD53lo9CvFvVg,Zara Larsson,10385276,"['dance pop', 'edm', 'pop', 'pop dance', 'post-teen pop', 'scandipop', 'swedish electropop', 'swedish pop', 'tropical house']",77
0NGAZxHanS9e0iNHpR8f2W,Alok,12095764,"['electro house', 'pop nacional', 'slap house']",80
787bCXOIvGeBw0Bc4kEjhD,Luke Christopher,169436,"['indie pop rap', 'pop rap']",48
0DnjaQqb436AH1idffI6CQ,Yeng Constantino,2623167,['opm'],56
1uNFoZAHBGtllmzznpCI3s,Justin Bieber,71064170,"['canadian pop', 'pop']",91
1t2caVgyabZrVDAlmMGraV,Michael Pangilinan,1590407,['opm'],57
3Gm5F95VdRxW3mqCn8RPBJ,Aminé,1845319,"['hip hop', 'pop', 'portland hip hop', 'rap']",69
2KsP6tYLJlTBvSUxnwlVWa,Mike Posner,1340120,"['dance pop', 'edm', 'pop', 'pop rap']",71
25u4wHJWxCA9vO0CzxAbK7,Lukas Graham,2061896,"['danish pop', 'pop', 'scandipop']",72
05o1zW8b6PV6rEquXr74sB,State of Sound,45996,"['deep tropical house', 'swedish tropical house', 'tropical house']",39
5y2Xq6xcjJb2jVM54GHK3t,John Legend,6441183,"['neo mellow', 'neo soul', 'pop', 'pop soul', 'r&b', 'urban contemporary']",78
5WUlDfRSoLAfcVSX1WnrxN,Sia,25969591,"['australian dance', 'australian pop', 'dance pop', 'pop']",85
4BNWanhw4AjSXjBm9L1Jzy,Juris,745268,['opm'],54
6T5tfhQCknKG4UnH90qGnz,DNCE,4449147,"['dance pop', 'pop', 'post-teen pop']",70
2kZThDGZcHl4klYYFk0v8n,Moonstar88,963617,"['opm', 'pinoy rock', 'pop rock']",55
4dpARuHxo51G3z768sgnrY,Adele,47428587,"['british soul', 'pop', 'pop soul', 'uk pop']",87
4qzcg58jZdJ9ujEI6Cs3Ad,Krissy,14944,['opm'],33
0bdfiayQAKewqEvaU6rXCv,MØ,1425818,"['dance pop', 'danish pop', 'electropop', 'indie poptimism', 'pop', 'tropical house']",71
6JL8zeS1NmiOftqZTRgdTz,Meghan Trainor,13157348,"['dance pop', 'hip pop', 'pop']",82
3t5xRXzsuZmMDkQzgOX35S,Robin Schulz,3054146,"['dance pop', 'deep euro house', 'deep house', 'edm', 'electro house', 'german dance', 'pop', 'pop dance', 'pop rap', 'tropical house']",81
4gzpq5DPGxSnKTe4SA8HAU,Coldplay,43099972,"['permanent wave', 'pop']",89
7vk5e3vY1uw9plTHJAMwjN,Alan Walker,37474715,['electro house'],81
5M0lbkGluOPXLeFjApw8r8,DRAM,837961,"['rap', 'virginia hip hop']",62
3YQKmKGau1PzlVlkL1iodx,Twenty One Pilots,23474731,"['modern rock', 'rock']",81
6aiCKnIN68hohzU3ZzNq48,Sarah Geronimo,3482442,['opm'],59
2tQbSWgZLIB8MXMnsXVRro,Nina,664339,"['dance pop', 'opm']",55
2JEIN1g27pZdm3hKB9EwE5,Mark Carpio,168587,['opm'],53
5elcNQkZ6FCZA3grSOMngY,MYMP,1066245,['opm'],61
6d47Z08T4snK50HgTEHo5Z,Sage The Gemini,842360,"['dance pop', 'hyphy', 'pop rap', 'rap', 'southern hip hop']",65
6gK1Uct5FEdaUWRWpU4Cl2,Petit Biscuit,936082,"['new french touch', 'tropical house']",63
6ZgBJRjJsK1iOJGKGZxEUv,South Border,962137,['opm'],56
24fEOzlKhgSNLIcy9NdmwH,James Reid,330889,"['deep neofolk', 'opm', 'pinoy r&b']",53
3nZa8vRD64ueq3d0JNYTsl,6cyclemind,1175671,"['opm', 'pinoy rock', 'pop rock']",54
5pKCCKE2ajJHZ9KAiaK11H,Rihanna,54227346,"['barbadian pop', 'pop', 'urban contemporary']",92
6s22t5Y3prQHyaHWUN1R1C,AJR,2858236,['pop rock'],75
2wY79sveU1sp5g7SokKOiI,Sam Smith,22241199,"['pop', 'uk pop']",88
4NeCu267LZemnoq44lZYKy,Julie Anne San Jose,738516,['opm'],53
21E3waRsmPlU7jZsS13rcj,Ne-Yo,7857904,"['dance pop', 'pop', 'r&b', 'urban contemporary']",80
0ekbDNE2eOq8QiaXM34wer,Howie Day,320284,"['acoustic pop', 'neo mellow', 'pop rock']",55
2GqX0GnrKdi6Z2X2OReYOK,Piolo Pascual,224618,['opm'],43
0jarApAsbmiCkYhz0590mE,Freestyle,265312,"['opm', 'pop rock']",58
1Hsdzj7Dlq2I7tHP7501T4,Niall Horan,9371450,"['dance pop', 'pop', 'post-teen pop']",79
3C4t1usFGoKHCSRdujm2GN,Ryan Cabrera,86084,"['neo mellow', 'pop rock', 'post-teen pop']",47
2Hjj68yyUPiC0HKEOigcEp,Jesse McCartney,966520,"['dance pop', 'neo mellow', 'pop', 'post-teen pop']",60
4AK6F7OLvEQ5QYCBNiQWHq,One Direction,30355601,"['boy band', 'pop', 'post-teen pop', 'talent show']",86
6ydoSd3N2mwgwBHtF6K7eX,Calum Scott,5017525,"['neo mellow', 'pop']",78
0EmeFodog0BfCgMzAIvKQp,Shakira,28241217,"['colombian pop', 'dance pop', 'latin pop']",92
3wjsrpfO6odEphTZWx45RQ,Hearts & Colors,138475,"['post-teen pop', 'viral pop']",51
2sil8z5kiy4r76CRTXxBCA,The Goo Goo Dolls,2479479,"['neo mellow', 'permanent wave', 'pop rock']",72
0jNDKefhfSbLR9sFvcPLHo,San Holo,678648,"['edm', 'electro house', 'electronic trap', 'electropop', 'future bass', 'pop dance', 'pop edm', 'tropical house', 'vapor twitch']",58
64M6ah0SkkRsnPGtGiRAbb,Bebe Rexha,8104694,"['dance pop', 'electropop', 'pop', 'post-teen pop']",83
3AQRLZ9PuTAozP28Skbq8V,The Script,7806362,"['celtic rock', 'dance pop', 'neo mellow', 'pop', 'pop rock']",74
2mxe0TnaNL039ysAj51xPQ,R. Kelly,2507232,[],68
5oWOx0BBDSMoFB8JDrjQre,Katharine McPhee,191613,"['dance pop', 'idol', 'post-teen pop']",53
55fhWPvDiMpLnE4ZzNXZyW,Noah Cyrus,1121721,['pop'],72
6oMuImdp5ZcFhWP0ESe6mG,Migos,13073557,"['atl hip hop', 'hip hop', 'pop rap', 'rap', 'trap']",78
5H6xmHXjsq98NLbEjuE29f,NEIKED,160276,"['dance pop', 'edm', 'pop', 'pop dance', 'scandipop', 'tropical house']",66
6w7j5wQ5AI5OQYlcM15s2L,Extreme,507490,"['album rock', 'funk metal', 'glam metal', 'hard rock', 'rock']",63
1anyVhU62p31KFi8MEzkbf,Chance the Rapper,5857851,"['chicago rap', 'conscious hip hop', 'hip hop', 'pop rap', 'rap']",75
02kJSzxNuaWGqwubyUba0Z,G-Eazy,5152382,"['hip hop', 'indie pop rap', 'oakland hip hop', 'pop', 'pop rap', 'rap']",76
6X9aYHnQ75YI8o08aoa0iS,Boyzone,1018466,"['boy band', 'dance pop', 'europop']",61
4ehtJnVumNf6xzSCDk8aLB,Martin Jensen,1348347,"['dance pop', 'danish electronic', 'edm', 'electro house', 'pop', 'pop dance', 'pop edm', 'tropical house']",68
0t7vWPRBcVv4xBEHPZHSWA,Sitti,77844,['opm'],49
1vSN1fsvrzpbttOYGsliDr,Tori Kelly,2106040,"['dance pop', 'pop', 'post-teen pop']",68
5ILrArfIV0tMURcHJN8Q07,Vanessa Carlton,582656,"['lilith', 'neo mellow', 'piano rock', 'pop rock', 'post-teen pop']",64
6dC0rIJNLSFZwqckLgXJ8p,Timeflies,328133,"['dance pop', 'indie pop rap', 'indie poptimism', 'pop', 'pop dance', 'pop edm', 'pop rap', 'pop rock', 'post-teen pop', 'tropical house']",53
69ug07KFFRhcCZ7iZ1Mn1i,Bailey May,59823,[],31
2Rf4X6m0oayCJhaJ5K63GQ,Nathan Sykes,472976,['post-teen pop'],57
5X4LWwbUFNzPkEas04uU82,DVBBS,1033902,"['canadian electronic', 'dance pop', 'edm', 'electro house', 'pop', 'pop dance', 'pop edm', 'progressive electro house', 'slap house', 'tropical house']",65
0C8ZW7ezQVs4URX5aX7Kqx,Selena Gomez,41377968,"['dance pop', 'pop', 'post-teen pop']",87
36jaGQtMj5UWD0eO1fCVdD,Joel Adams,178508,"['australian pop', 'pop soul']",54
5PokPZn11xzZXyXSfnvIM3,Lifehouse,1911761,"['alternative metal', 'neo mellow', 'pop rock', 'post-grunge']",65
5aMmmNxw4vgpc5XC6hK0zp,The Calling,706131,"['neo mellow', 'pop rock']",62
2FwJwEswyIUAljqgjNSHgP,Snakehips,350045,"['edm', 'electro house', 'electropop', 'indie poptimism', 'pop', 'pop dance', 'tropical house']",66
0AJUYWKztkg5dnrHDIBv47,MiC LOWRY,48778,[],37
4phGZZrJZRo4ElhRtViYdl,Jason Mraz,7012908,"['acoustic pop', 'neo mellow', 'pop', 'pop rock']",74
7374lH6kwx9uQATYQ9H3Cp,Eraserheads,3303911,"['opm', 'pinoy reggae', 'pinoy rock']",66
6aZyMrc4doVtZyKNilOmwu,Colbie Caillat,2452402,"['dance pop', 'neo mellow', 'pop', 'pop rock', 'post-teen pop', 'viral pop']",69
3RpJ6OyOnaXRFRXSirgQa6,Jericho Rosales,106955,"['opm', 'vispop']",50
6wPhSqRtPu1UhRCDX5yaDJ,The Pussycat Dolls,5372481,"['dance pop', 'girl group', 'pop', 'post-teen pop', 'urban contemporary']",70
2WzaAvm2bBCf4pEhyuDgCY,Ruth B.,2800379,"['alt z', 'canadian contemporary r&b', 'canadian pop', 'pop']",76
7xEFii6utZmQ61kX59HmLH,FRENSHIP,186460,"['electropop', 'indie electropop', 'indie poptimism', 'la pop', 'pop dance', 'pop edm', 'tropical house']",54
7DW4ijH3n36QN0RlC0n649,Angeline Quinto,600972,['opm'],55
5lXfVoQxVgC5fpjkVqvNYn,Isaiah Firebrace,53964,"['australian pop', 'australian talent show']",50
4PVn1b2WnnXdq80C7uaZLZ,Nause,194345,"['edm', 'pop dance', 'progressive electro house', 'swedish pop']",44
0jnsk9HBra6NMjO2oANoPY,Flo Rida,8820834,"['dance pop', 'miami hip hop', 'pop', 'pop rap']",80
0hEurMDQu99nJRq8pTxO14,John Mayer,5826341,"['neo mellow', 'singer-songwriter']",79
7H55rcKCfwqkyDFH9wpKM6,Christina Perri,3552448,"['dance pop', 'neo mellow', 'pop', 'pop rock', 'post-teen pop', 'viral pop']",72
1Fr6agZ6iSM5Ynn2k4C8sc,VÉRITÉ,305908,"['alt z', 'brooklyn indie', 'dark pop', 'electropop', 'indie electropop', 'indie pop', 'indie poptimism', 'metropopolis', 'nyc pop', 'pop', 'vapor pop', 'vapor soul']",52
5BAyYwbv8OSfqeXMjPgWX6,Toni Gonzaga,757814,"['opm', 'papuri']",52
0DdDnziut7wOo6cAYWVZC5,KREAM,236536,"['dance pop', 'deep groove house', 'edm', 'electro house', 'house', 'pop dance', 'pop edm', 'tropical house']",61
6Ww3OMFzCaO33ulKh1LBFN,Hale,904753,"['opm', 'pinoy reggae', 'pinoy rock']",62
2nZ18B9RTjJH56v2NTnNAI,Leanne & Naara,62987,"['pinoy city pop', 'pinoy indie']",49
6nxWCVXbOlEVRexSbLsTer,Flume,2374267,"['australian dance', 'australian electropop', 'australian indie', 'downtempo', 'edm']",73
4TH4BHy0LdBi3dpBW4P2UX,R. City,135038,"['reggae fusion', 'virgin islands reggae']",64
5mnS9jJdKQQcRSqFu5YPVe,Auli'i Cravalho,104767,"['hollywood', 'movie tunes', 'show tunes']",65
2LJxr7Pt3JnP60eLxwbDOu,Mandy Moore,680686,"['dance pop', 'hollywood', 'post-teen pop']",65
0lzV2CiahHRiGd6qpADtPS,James Hersey,53230,['tropical house'],48
4bYPcJP5jwMhSivRcqie2n,Adam Levine,988176,['deep talent show'],73
62WbvkXqQGvXQvw74GU3kQ,Morissette,1103347,['opm'],55
0gadJ2b9A4SKsB1RFkBb66,Passenger,3153367,"['folk-pop', 'neo mellow']",72
6jJ0s89eD6GaHleKKya26X,Katy Perry,26186855,"['dance pop', 'pop']",85
5mNum7eUoqWS6NBo91NYHP,Abra,23063,[],12
0AuZVHIr5WSEBbBLZwWwWc,Charice,171852,"['dance pop', 'opm', 'post-teen pop', 'viral pop']",48
2MqhkhX4npxDZ62ObR5ELO,Hoobastank,2308896,"['alternative metal', 'funk metal', 'nu metal', 'pop rock', 'post-grunge']",67
6jV25rzTKQ2zMgrqHha1V5,CHANYEOL,1766404,['k-pop'],61
7KMqksf0UMdyA0UCf4R3ux,James Blunt,2766441,"['neo mellow', 'pop', 'pop rock']",72
0zOcE3mg9nS6l3yxt1Y0bK,The Fray,3887252,"['neo mellow', 'piano rock', 'pop', 'pop rock']",70
4kYGAK2zu9EAomwj3hXkXy,JP Cooper,844627,"['dance pop', 'neo mellow', 'pop', 'tropical house', 'uk pop']",69
6vWDO969PvNqNYHIOW5v0m,Beyoncé,34152824,"['dance pop', 'pop', 'r&b']",87
7xTcuBOIAAIGDOSvwYFPzk,Daniel Powter,249138,"['canadian pop', 'neo mellow', 'pop rock']",60
11hIqBsGRPztdjBHCSLClX,Daniel Bedingfield,187321,['europop'],54
4KOFxteqSAveWCElBVijTy,Joshua Garcia,34729,[],23
1mcqfNCReSFxun2vIWvC28,KZ Tandingan,898276,['opm'],56
719ZCUqy59oGckcB1MzVTx,The Company,22584,[],39
4HOEnLufwAqJ2qoJPVnL01,Callalily,1542362,"['opm', 'pinoy rock']",54
7HJDRQAfEcFiARVehhM6qD,Gloc 9,1228743,"['opm', 'pinoy hip hop', 'pinoy trap', 'tagalog rap']",61
6xfqnpe2HnLVUaYXs2F8YS,Anna Kendrick,335624,['hollywood'],65
5JZ7CnR6gTvEMKX4g70Amv,Lauv,5663230,"['dance pop', 'pop']",78
1HY2Jd0NmPuamShAr6KMms,Lady Gaga,25880860,"['art pop', 'dance pop', 'pop']",87
4EzkuveR9pLvDVFNx6foYD,James Bay,3868772,"['neo mellow', 'pop', 'pop rock']",72
188VINPQh5dyNfLUkevKqf,Olivia Holt,1099094,"['alt z', 'dance pop', 'pop', 'post-teen pop', 'social media pop']",49
7hOGhpa8RMSuDOWntGIAJt,A R I Z O N A,401245,"['deep tropical house', 'electropop', 'indie poptimism', 'pop', 'pop dance', 'tropical house']",61
3zrUX1hQrUB9aXcOiyQLmN,Stanaj,59902,[],42
6kXm2YCtdUOpRYNKeKhfue,Ryan Gosling,46118,['hollywood'],57
3rIZMv9rysU7JkLzEaC5Jp,Snow Patrol,2799384,"['irish rock', 'neo mellow', 'permanent wave', 'pop rock', 'rock']",69
0ZED1XzwlLHW4ZaG4lOT6m,Julia Michaels,4838172,"['alt z', 'dance pop', 'electropop', 'pop', 'post-teen pop']",75
0XOSmu9Qn1agQULUVe0dAK,Inigo Pascual,484672,['opm'],46
49tQo2QULno7gxHutgccqF,LANY,5421180,"['la pop', 'pop']",74
6aLdhHUqgdKE86xbtNmY8g,Crush,1116277,"['k-pop', 'korean r&b']",66
64KEffDW9EtZ1y2vBYgq8T,Marshmello,34993671,"['brostep', 'dance pop', 'edm', 'pop', 'pop dance', 'progressive electro house']",85
1XLjkBxFokuDTlHt0mQkRe,Thomas Gold,166942,"['big room', 'edm', 'electro house', 'funky tech house', 'german techno', 'pop dance', 'pop edm', 'progressive electro house', 'progressive house']",51
6O74knDqdv3XaWtkII7Xjp,Boyz II Men,2740724,"['boy band', 'contemporary r&b', 'new jack swing', 'r&b', 'urban contemporary']",67
4lDBihdpMlOalxy1jkUbPl,Grey,71349,['pop edm'],67
1tXFYQZSAswt4JLB42lpye,Sponge Cola,1230740,"['opm', 'pinoy reggae', 'pinoy rock', 'pop rock']",57
4V8Sr092TqfHkfAA5fXXqG,Luis Fonsi,10969970,"['latin pop', 'puerto rican pop']",76
4U78sK2D3zASSB6oSR38GQ,Christian Bautista,467424,['opm'],53
3DiDSECUqqY1AuBP8qtaIa,Alicia Keys,10580735,"['hip pop', 'neo soul', 'pop', 'r&b', 'urban contemporary']",79
58MLl9nC29IXbE4nEtuoP2,Alex & Sierra,1146943,"['neo mellow', 'pop', 'post-teen pop', 'viral pop']",60
53XhwfbYqKCa1cC15pYq2q,Imagine Dragons,46841560,"['modern rock', 'rock']",89
5338fdSzGNOFD4cxAxDTeq,Aaron Carter,311423,"['dance pop', 'post-teen pop']",46
0c173mlxpT3dSFRgMO8XPh,Big Sean,10658972,"['detroit hip hop', 'hip hop', 'pop', 'pop rap', 'r&b', 'rap', 'southern hip hop', 'trap']",79
4NagmapOfJiPOxJ9vQsrsf,Mikkel S. Eriksen,246,[],19
4Rxn7Im3LGfyRkY2FlHhWi,Nick Jonas,8874048,"['dance pop', 'pop', 'post-teen pop']",67
7LVPSD4kabI5LiXIVPI8tn,Jona,122876,['opm'],47
74KM79TiuVKeVCqs8QtB0B,Sabrina Carpenter,5219810,"['dance pop', 'pop', 'post-teen pop']",80
1DZGAZcaTA32eLJELEsjXY,Kiana V,48218,['pinoy indie'],43
4qBgvVog0wzW75IQ48mU7v,KYLE,1030708,"['pop', 'pop rap', 'rap']",65
2yEkZBBjhzKzt6LF5XMaFi,Blue,550717,"['boy band', 'dance pop', 'europop']",62
1GxkXlMwML1oSg5eLPiAz3,Michael Bublé,5798403,"['adult standards', 'canadian pop', 'jazz pop', 'lounge']",74
3Nrfpe0tUJi4K4DXYWgMUX,BTS,63260661,"['k-pop', 'k-pop boy group']",91
0dtmYDbYpwcdHPBI1OJatT,Hugh Grant,7324,['hollywood'],46
5rSXSAkZ67PYJSvpUpkOr7,Backstreet Boys,5095599,"['boy band', 'dance pop']",76
2XMxHczWkSzDDFhiC3zt8k,Marié Digby,74045,"['lilith', 'neo mellow']",41
0L6Gwm0JDrgIQJfjarWSUR,Edwin McCain,302100,"['neo mellow', 'pop rock']",54
0AvtzKTYleNqdJXoZasQWG,Stephen Speaks,158161,"['acoustic pop', 'neo mellow', 'opm', 'pop rock', 'viral pop']",57
6Ff53KvcvAj5U7Z1vojB5o,*NSYNC,1971805,"['boy band', 'dance pop']",67
0lJlKQvuM2Sd9DPPyUXcHg,Sixpence None The Richer,434399,"['neo mellow', 'pop rock']",64
0X2BH1fck6amBIoJhDVmmJ,Ellie Goulding,11816203,"['dance pop', 'edm', 'indietronica', 'metropopolis', 'pop', 'uk pop']",82
3QLIkT4rD2FMusaqmkepbq,Rachel Platten,861668,"['dance pop', 'neo mellow', 'pop', 'pop rock', 'post-teen pop', 'viral pop']",63
3z0IVhtuFvt9VYUZGT98PU,Jay R,158665,['opm'],44
5Pwc4xIPtQLFEnJriah9YJ,OneRepublic,15344504,"['piano rock', 'pop']",85
3FUY2gzHeIiaesXtOAdB7A,Train,4256370,"['dance pop', 'neo mellow', 'pop', 'pop rock']",73
0xNog7ZdcTq9sJFiIXJJTH,Kaye Cal,543809,['opm'],45
246dkjvS1zLTtiykXe5h60,Post Malone,40198377,"['dfw rap', 'melodic rap', 'rap']",89
23fqKkggKUBHNkbKtXEls4,Kygo,8326811,"['edm', 'pop', 'pop dance', 'tropical house']",80
6XyY86QOPPrYVGvF9ch6wz,Linkin Park,23086912,"['alternative metal', 'nu metal', 'post-grunge', 'rap metal']",87
09DdQEMQaaq0f99vqqub3V,krissy & ericka,27509,"['acoustic opm', 'opm', 'p-pop']",49
00FQb4jTyendYWaN8pK0wa,Lana Del Rey,22451247,"['art pop', 'pop']",92
2qxJFvFYMEDqd7ui6kSAcq,Zedd,5915712,"['complextro', 'dance pop', 'edm', 'electro house', 'german techno', 'pop', 'pop dance', 'pop rap', 'post-teen pop', 'tropical house']",76
07YZf4WDAMNwqr4jfgOZ8y,Jason Derulo,11789313,"['dance pop', 'pop', 'pop rap', 'post-teen pop']",80
2kucQ9jQwuD8jWdtR9Ef38,Sam Hunt,2284023,"['contemporary country', 'country', 'country pop', 'country road']",73
1bqxdqvUtPWZri43cKHac8,MAX,805960,"['chill r&b', 'dance pop', 'pop', 'post-teen pop', 'viral pop']",70
163tK9Wjr9P9DmM0AVK7lm,Lorde,9943444,"['art pop', 'metropopolis', 'nz pop', 'pop']",77
1RyvyyTE3xzB2ZywiAwp0i,Future,13519947,"['atl hip hop', 'rap', 'southern hip hop', 'trap']",91
6LuN9FCkKOj5PcnpouEgny,Khalid,15894897,"['pop', 'pop r&b']",86
1xHQO9GJIW9OXHxGBISYc5,Marian Hill,461791,['electropop'],55
4Q6nIcaBED8qUel8bBx6Cr,Jax Jones,1104101,"['dance pop', 'edm', 'electro house', 'house', 'pop', 'pop dance', 'pop rap', 'tropical house', 'uk dance']",75
5yVM85m9yNcHO6o0vaaVxW,Daniel Padilla,493374,['opm'],55
4S9EykWXhStSc15wEx8QFK,Céline Dion,7215257,['canadian pop'],75
4N3cNXg5phUzRzuJYYxQlV,Emma Watson,78774,"['hollywood', 'movie tunes', 'show tunes']",54
4tB1f1h4TQqDz4bNaibMpl,Emma Thompson,3919,['show tunes'],51
5lLVsxABqSuosfqAoLQeXV,Dan Stevens,6183,['movie tunes'],50
105Paee9vmV5rfLSG652e1,Ewan McGregor,36735,['hollywood'],55
1Cs0zKBU1kc0i8ypK3B9ai,David Guetta,25792304,"['big room', 'dance pop', 'edm', 'pop', 'pop dance']",89
6M2wZ9GZgrQXHCFfjv46we,Dua Lipa,39281466,"['dance pop', 'pop', 'uk pop']",88
2MoxYOhy9ooC8KRcdgIFif,Leroy Styles,4002,['dutch edm'],30
7DMveApC7UnC2NPfPvlHSU,Cheat Codes,2163541,"['dance pop', 'edm', 'electro house', 'electropop', 'pop', 'pop dance', 'pop edm', 'post-teen pop', 'tropical house']",71
2YZyLoL8N0Wb9xBt1NhZWg,Kendrick Lamar,23478340,"['conscious hip hop', 'hip hop', 'rap', 'west coast rap']",90
0uGk2czvcpWQA383Im6ajf,Maggie Lindemann,1931375,"['alt z', 'dark pop', 'pop', 'pop punk', 'post-teen pop', 'social media pop']",65
6KImCVD70vtIoJWnq6nGn3,Harry Styles,26913617,['pop'],90
26VFTg2z8YR0cCuwLzESi2,Halsey,19858266,"['dance pop', 'electropop', 'etherpop', 'indie poptimism', 'pop']",84
2cFrymmkijnjDg9SS92EPM,blackbear,4853307,"['pop', 'pop rap']",79
4u5smJBskI6Adzv08PuiUP,Kiiara,897105,"['alt z', 'dance pop', 'electropop', 'indie poptimism', 'pop']",62
74XFHRwlV6OrjEM0A2NCMF,Paramore,7681132,"['candy pop', 'pixie', 'pop emo', 'pop punk']",80
7ygtjsCTrCQZAYYPOne9uE,Erik Santos,685898,['opm'],53
6ltzsmQQbmdoHHbLZ4ZN25,Lord Huron,1211760,['stomp and holler'],74
4TrraAsitQKl821DQY42cZ,Sigrid,667180,"['dance pop', 'norwegian pop', 'pop']",62
0QHgL1lAIqAw0HtD7YldmP,DJ Khaled,9491909,"['hip hop', 'miami hip hop', 'pop rap', 'rap', 'southern hip hop', 'trap']",78
6vXTefBL93Dj5IqAWq6OTv,French Montana,4955869,"['gangster rap', 'hip hop', 'pop rap', 'rap', 'southern hip hop', 'trap']",76
7blkMNJv8n9ceP9zlA4W2U,Shawn Hook,61809,['canadian pop'],45
4xRYI6VqpkE3UwrDrAZL8L,Logic,5880024,"['conscious hip hop', 'dmv rap', 'hip hop', 'pop rap', 'rap']",79
4O15NlyKLIASxsJ0PrXPfz,Lil Uzi Vert,14863386,"['melodic rap', 'philly rap', 'rap', 'trap']",88
5YGY8feqx7naU7z4HrwZM6,Miley Cyrus,20276515,['pop'],91
5pUo3fmmHT8bhCyHE52hA6,Liam Payne,10075725,"['dance pop', 'pop', 'post-teen pop']",65
4nDoRrQiYLoBzwC5BhVJzF,Camila Cabello,29872610,"['dance pop', 'pop', 'post-teen pop']",82
4iSU0hKfGnU2nscL5dLi9p,Claudia,24850,['pinoy r&b'],29
73sIBHcqh3Z3NyqHKZ7FOL,Childish Gambino,10683150,"['atl hip hop', 'hip hop', 'pop', 'rap']",80
5CCwRZC6euC8Odo6y9X8jr,Rita Ora,8038735,"['dance pop', 'edm', 'electropop', 'pop', 'pop rap', 'post-teen pop', 'tropical house', 'uk pop']",74
4VkqlQl3hGhxjchI34xp2V,Thyro,11721,['opm'],45
1yxSLGMDHlW21z4YXirZDS,Black Eyed Peas,7357440,"['dance pop', 'pop', 'pop rap']",82
06HL4z0CvFAxyc27GXpf02,Taylor Swift,71340528,['pop'],100
2XnBwblw31dfGnspMIwgWz,Axwell /\ Ingrosso,2444310,"['dance pop', 'edm', 'electro house', 'pop', 'pop dance', 'tropical house']",66
20gsENnposVs2I4rQ5kvrf,Sam Feldt,747768,"['dance pop', 'edm', 'electro house', 'pop', 'pop dance', 'pop edm', 'tropical house']",74
1IueXOQyABrMOprrzwQJWN,Sigala,1542108,"['dance pop', 'edm', 'electro house', 'house', 'pop', 'pop dance', 'tropical house']",75
7lIVjtsgz0y1oRQFBAVNzq,Mayonnaise,1227714,"['opm', 'pinoy rock']",61
41MozSoPIsD1dJM0CLPjZF,BLACKPINK,39290696,"['k-pop', 'k-pop girl group']",87
00TKPo9MxwZ0j4ooveIxWZ,Loote,208432,"['alt z', 'dance pop', 'electropop', 'nyc pop', 'pop', 'pop dance', 'pop edm', 'post-teen pop', 'tropical house']",61
3JhNCzhSMTxs9WLGJJxWOY,Macklemore,2029817,"['pop rap', 'seattle hip hop']",79
4DTbdShHu2RPYEEMUp2XWV,Anjulie,32945,['canadian pop'],58
6eouuqqGggqDlYRV63cgPo,Secondhand Serenade,961558,"['piano rock', 'pixie', 'pop punk']",58
5lKZWd6HiSCLfnDGrq9RAm,Leona Lewis,3484204,"['british soul', 'dance pop', 'europop', 'pop', 'post-teen pop', 'talent show']",66
3BmGtnKgCSGYIUhmivXKWX,Kelly Clarkson,9636535,"['dance pop', 'pop', 'post-teen pop', 'talent show']",74
1bj5GrcLom5gZFF5t949Xl,Martin Solveig,1212838,"['dance pop', 'disco house', 'edm', 'electro house', 'filter house', 'house', 'pop dance', 'tropical house', 'vocal house']",65
6V03b3Y36lolYP2orXn8mV,98º,429736,"['boy band', 'dance pop', 'pop rock']",55
5DK8eK7fjvRsziXzyr3sFA,Moon Taxi,180020,"['indie poptimism', 'modern alternative rock', 'modern rock', 'stomp and holler']",51
1vyhD5VmyZ7KMfW5gqLgo5,J Balvin,36962821,"['reggaeton', 'reggaeton colombiano', 'urbano latino']",88
6LqNN22kT3074XbTVUrhzX,Kesha,7534834,"['dance pop', 'pop', 'post-teen pop']",77
1LOB7jTeEV14pHai6EXSzF,Cash Cash,678658,"['dance pop', 'edm', 'electro house', 'electropop', 'electropowerpop', 'pop', 'pop dance', 'pop edm', 'tropical house']",64
6S2OmqARrzebs0tKUEyXyp,Demi Lovato,24618767,"['dance pop', 'pop', 'post-teen pop']",80
3cjEqqelV9zb4BYE3qDQ4O,EXO,9478307,"['k-pop', 'k-pop boy group']",72
0Y5tJX1MQlPlqiwlOH1tJY,Travis Scott,22150694,"['rap', 'slap house']",90
0LyfQWJT6nXafLPZqxe9Of,Various Artists,1876324,[],0
57WHJIHrjOE3iAxpihhMnp,Louis Tomlinson,6759671,"['pop', 'post-teen pop']",71
3nFkdlSjzX9mRTtwJOzDYB,JAY-Z,8269806,"['east coast hip hop', 'hip hop', 'rap']",85
6hIZBf6t4Yy8Lrqj7vPYTr,Jake Zyrus,15689,['opm'],24
25uiPmTg16RbhZWAqwLBy5,Charli XCX,2820856,"['art pop', 'candy pop', 'dance pop', 'electropop', 'metropopolis', 'pop', 'post-teen pop', 'uk pop']",77
73jBynjsVtofjRpdpRAJGk,Dimitri Vegas & Like Mike,3342498,"['belgian dance', 'belgian edm', 'big room', 'dance pop', 'edm', 'electro house', 'pop dance', 'progressive electro house', 'tropical house']",71
1URnnhqYAYcrqrcwql10ft,21 Savage,13270225,"['atl hip hop', 'rap']",92
5he5w2lnU9x7JFhnwcekXX,Skrillex,8148631,"['brostep', 'complextro', 'edm', 'electro']",80
1vCWHaC5f2uS3yhpwWbIA6,Avicii,22723624,"['dance pop', 'edm', 'pop', 'pop dance', 'pop rap']",82
2XHTklRsNMOOQT56Zm3WS4,Parokya Ni Edgar,3216518,"['opm', 'pinoy reggae', 'pinoy rock']",66
1KCSPY1glIKqW2TotWuXOR,P!nk,14885303,"['dance pop', 'pop']",84
2AQjGvtT0pFYfxR3neFcvz,Jordin Sparks,2297468,"['dance pop', 'neo mellow', 'pop', 'post-teen pop', 'r&b', 'urban contemporary']",64
7FgMLbnZVrEnir95O0YujA,Five For Fighting,806665,"['acoustic pop', 'neo mellow', 'piano rock', 'pop rock']",59
1YlibpAvhJBbMZMBwN1KGv,The Juans,989414,"['opm', 'p-pop']",56
3XEHRbR9NMWfNzQ6TQMS9M,Caleb Santos,39360,"['acoustic opm', 'opm']",50
7LvDTuFCBv08xm6u1pOMK0,TJ Monterde,1244269,"['cdo indie', 'opm', 'pinoy singer-songwriter']",61
7tYKF4w9nC0nq9CsPZTHyP,SZA,11748884,"['pop', 'r&b']",93
09Xydf4dlkr29dH99DmsvQ,Janine Teñoso,402175,"['opm', 'pinoy singer-songwriter']",55
1ZTdxfZTeztyAgKUJVLxAI,Rivermaya,1706714,"['opm', 'pinoy rock', 'pop rock']",60
1PbBg2aYjWLKRk84zJK15x,Echosmith,595811,"['indie poptimism', 'pop rock']",60
4kYSro6naA4h99UJvo89HB,Cardi B,21342700,"['dance pop', 'pop', 'rap']",81
7bXgB6jMjp9ATFy66eO08Z,Chris Brown,19087838,"['dance pop', 'r&b']",89
20wkVLutqVOYrc0kxFs7rA,Daniel Caesar,3921410,"['canadian contemporary r&b', 'pop', 'r&b']",79
0eecdvMrqBftK0M1VKhaF4,CNCO,9623914,"['boy band', 'latin pop', 'reggaeton']",70
3AVfmawzu83sp94QW7CEGm,Astrid S,1285305,"['dance pop', 'norwegian pop', 'pop', 'tropical house']",68
4YXycRbyyAE0wozTk7QMEq,Matoma,730194,"['dance pop', 'edm', 'electro house', 'electropop', 'norwegian pop', 'pop', 'pop dance', 'pop edm', 'tropical house']",67
15UsOTVnJzReFVN1VCnxy4,XXXTENTACION,41088103,"['emo rap', 'miami hip hop']",88
4kI8Ie27vjvonwaB2ePh8T,Portugal. The Man,1372785,"['indie rock', 'modern alternative rock', 'modern rock', 'rock']",67
7cTXfwpe9peK0UE1bZyIWZ,Pinkfong,207621,"['cartoon', ""children's music"", 'dong-yo']",67
6cEuCEZu7PAE9ZSzLLc2oQ,R3HAB,2460866,"['dance pop', 'dutch house', 'edm', 'electro house', 'pop', 'pop dance', 'progressive electro house', 'slap house', 'tropical house']",78
2JyWXPbkqI5ZJa3gwqVa0c,Craig David,838347,"['british soul', 'dance pop', 'pop rap', 'r&b', 'urban contemporary']",66
6DIS6PRrLS3wbnZsf7vYic,WALK THE MOON,2047848,"['dance rock', 'indie poptimism', 'modern alternative rock', 'modern rock', 'pop rock', 'rock']",70
4UXqAaa6dQYAk18Lv7PEgX,Fall Out Boy,9925050,"['emo', 'modern rock']",82
2o5jDhtHVPhrJdv3cEQ99Z,Tiësto,6823784,"['big room', 'brostep', 'dutch edm', 'edm', 'house', 'pop dance', 'slap house', 'trance']",86
6fOMl44jA4Sp5b9PpYCkzz,NF,8200849,"['hip hop', 'pop rap', 'rap']",83
3wyVrVrFCkukjdVIdirGVY,Lil Pump,7976582,"['emo rap', 'miami hip hop', 'rap', 'trap', 'vapor trap']",70
2ZRQcIgzPCVaT9XKhXZIzh,Gryffin,915350,"['dance pop', 'edm', 'electro house', 'pop', 'pop dance', 'pop edm', 'tropical house']",72
3hyEbRtp617pNCuuQjyOmc,Lost Kings,389128,"['dance pop', 'edm', 'electro house', 'pop', 'pop dance', 'pop edm', 'pop rap', 'tropical house']",59
2iB7AJhJmkWkkehY9ccB0j,Ex Battalion,2747316,"['opm', 'pinoy hip hop', 'pinoy r&b', 'tagalog rap']",57
7dGJo4pcD2V6oG8kP0tJRR,Eminem,68539373,"['detroit hip hop', 'hip hop', 'rap']",92
7eCmccnRwPmRnWPw61x6jM,shy martin,275302,"['alt z', 'electropop', 'pop', 'social media pop', 'swedish electropop']",64
5dHt1vcEm9qb8fCyLcB3HL,A$AP Ferg,3526061,"['gangster rap', 'hip hop', 'pop rap', 'rap', 'southern hip hop', 'trap', 'underground hip hop']",73
1z4g3DjTBBZKhvAroFlhOM,Red Velvet,8249793,"['k-pop', 'k-pop girl group']",74
5ebPSE9YI5aLeZ1Z2gkqjn,Clara Benin,129202,"['pinoy indie', 'pinoy singer-songwriter']",48
4iHNK0tOyZPYnBU7nGAgpQ,Mariah Carey,8855982,"['dance pop', 'urban contemporary']",79
5fMUXHkw8R8eOP2RNVYEZX,Diplo,2541371,"['edm', 'electro house', 'house', 'moombahton', 'pop', 'pop dance', 'tropical house']",79
47z7ZrgFoBvVpCnElCE3Zh,Yellow Claw,1033439,"['bass trap', 'edm', 'electro house', 'electronic trap', 'pop dance']",64
7FNnA9vBm6EKceENgCGRMb,Anitta,12763892,"['funk pop', 'funk rj', 'pagode baiano', 'pop nacional']",80
3EXdLajEO02ziZ90P90bSW,Lil Xan,2303333,"['emo rap', 'vapor trap']",59
4DdkRBBYG6Yk9Ka8tdJ9BW,Offset,2702133,"['atl hip hop', 'hip hop', 'pop rap', 'rap', 'southern hip hop', 'trap']",79
4GBFKKuwmZUnAJt6nBal7A,Kamikazee,1341997,"['opm', 'pinoy pop punk', 'pinoy rock']",59
1EHAbA1GMYOfkh9ds9eNfS,Jose Mari Chan,359314,"['classic opm', 'opm', 'soft rock']",50
2G7VQ1kVhVfNagytlousgm,Al James,1145527,"['opm', 'pinoy alternative rap', 'pinoy hip hop', 'pinoy r&b', 'pinoy trap']",64
4sj6D0zlMOl25nprDJBiU9,Andy Williams,481189,"['adult standards', 'easy listening', 'lounge']",59
5lpH0xAS4fVfLkACg9DAuM,Wham!,2259786,"['europop', 'new romantic', 'new wave pop', 'synthpop']",68
1GlMjIezcLwV3OFlX0uXOv,Lea Salonga,169953,"['hollywood', 'movie tunes', 'show tunes', 'tagalog worship']",60
4DAcJXcjX0zlQAZAPAx4Zb,Ben&Ben,7229824,['opm'],72
1zNqDE7qDGCsyzJwohVaoX,Anne-Marie,10725694,"['dance pop', 'hel', 'pop', 'pop dance', 'post-teen pop', 'tropical house', 'uk pop']",78
26dSoYclwsYLMAKD3tpOr4,Britney Spears,12115294,"['dance pop', 'pop']",81
0GnuCXvnvVtX5DShryuyp9,Aiza Seguerra,559790,['opm'],50
0RHiqaoRCsFLPeEuj3OQz4,Gary Valenciano,955390,"['classic opm', 'opm', 'papuri', 'pinoy praise']",53
2H4bbbOohoe9zhqEsiRi7j,ABS-CBN Music All Star,11506,[],32
4cPHsZM98sKzmV26wlwD2W,Brenda Lee,309329,"['adult standards', 'lounge']",58
2iE18Oxc8YSumAU232n4rW,The Jackson 5,1355260,"['adult standards', 'motown']",67
38EmEgXkgK51MT2tPY0EoC,Bobby Helms,30636,['adult standards'],50
6sFIWsNpZYqfjUpaCgueju,Carly Rae Jepsen,5199758,"['canadian pop', 'dance pop', 'pop', 'post-teen pop']",73
6ZjFtWeHP9XN7FeKSUe80S,Bing Crosby,447125,"['adult standards', 'easy listening']",58
11W91yRxIo7Mw75LClgrGx,Lyca Gairanod,27855,['deep talent show'],35
2aiQfmxcWSx7RrqSVbhiFX,Maria Aragon,936,[],12
7vjoSmk5jVvRXNiKIDMox1,Alisah Bonaobra,3951,[],24
0YaTdozvKSQ2UkOTTONmSJ,Rachelle Ann Go,476427,['opm'],49
6jtan6NPL80JFme8IkFiy7,Janice Javier,2577,[],25
7v4imS0moSyGdXyLgVTIV7,Nat King Cole,2018645,['adult standards'],68
1AwO9pWEBSBoWdEZu28XDC,Eartha Kitt,160071,"['adult standards', 'lounge', 'torch song', 'vocal jazz']",49
5V0MlUE1Bft0mbLlND7FJz,Ella Fitzgerald,2269745,"['adult standards', 'jazz blues', 'lounge', 'swing', 'vocal jazz']",68
4yiQZ8tQPux8cPriYMWUFP,Gwen Stefani,5918497,"['dance pop', 'pop']",73
5EUahD2aecNM2phblhyVFi,Bamboo,7191,[],3
26AHtbjWKiwYzsoGoUZq53,Pentatonix,3559292,['a cappella'],65
0SG7a26LiFGt8E0olaIOpx,Acapellago,2804,[],8
7AKHnZVqwXYuUwWJ8UGL5q,Girls' Generation-TTS,595510,"['k-pop', 'k-pop girl group']",39
0SCbttzoZTnLFebDYmAWCm,Glee Cast,1504308,"['glee club', 'hollywood', 'post-teen pop']",71
65kpH75MFCBJhLy7qvVl6A,Aegis,223768,"['classic opm', 'opm']",47
3wNylAjJX1PiCpMKx8Lrfp,Regine Velasquez,1598738,"['classic opm', 'opm']",60
35S20clEkkSNUo23ViaslZ,Band Aid,25631,['musical advocacy'],43
4w9rFB4pUAUO3OloDQ6wn7,Jamie Rivera,131451,"['classic opm', 'opm', 'papuri', 'pinoy praise']",48
1Mxqyy3pSjf8kZZL4QVxS0,Frank Sinatra,6203546,"['adult standards', 'easy listening', 'lounge']",76
2jnIB6XdLvnJUeNTy5A0J2,Why Don't We,3510833,"['boy band', 'dance pop', 'pop', 'post-teen pop']",71
0u4G1K1CSzcp5PZ6G6FIGu,Darren Espanto,462177,['opm'],44
3qZNpgS5OAdktfruSjjLeY,Benni Sparks,727,[],14
6Paz0vXJJ9bCPf0fEm3qzg,Dagny,159233,"['electropop', 'norwegian pop', 'tropical house']",59
0XNvr6bnNywV946ZKaJtr0,Joakim Lundell,132523,['swedish pop'],47
0lslA51eKXwTUY0TSX9Emy,Marion Aunor,34290,['opm'],40
5Xcbv83o11Ez2XPHa1n8Pf,AmPm,49913,['japanese dance pop'],45
62Jfwxon19ZOT9eSL6bvtY,Sweater Beats,42822,"['gauze pop', 'vapor twitch']",42
2TX325jFbZFpe2OGZNo4Lx,Markus,4195,['pinoy singer-songwriter'],29
3koiLjNrgRTNbOwViDipeA,Marvin Gaye,4937144,"['classic soul', 'funk', 'indie r&b', 'motown', 'northern soul', 'quiet storm', 'soul']",74
3fMbdgg4jU18AjLCKBhRSm,Michael Jackson,26717049,"['pop', 'r&b', 'soul']",83
5BcAKTbp20cv7tC5VqPFoC,Macklemore & Ryan Lewis,2612999,"['dance pop', 'pop', 'pop rap', 'seattle hip hop']",75
2JLqTvFXmC87BksiCsBezV,Matt Terry,126405,['talent show'],43
1EUmQM6xgUQLUkJVcvSdey,Orange & Lemons,939123,"['opm', 'pinoy indie', 'pinoy rock']",59
3xbpJdoJDLAfYn3ZeLlukg,Bosx1ne,150149,"['pinoy hip hop', 'pinoy r&b', 'tagalog rap']",52
2U5mF0PZqGu6glnz55yY0y,John Roa,1324810,"['opm', 'p-pop']",60
6U1dBXJhC8gXFjamvFTmHg,Zac Efron,770372,"['dance pop', 'hollywood', 'pop', 'post-teen pop', 'show tunes']",69
0touaoSr4QOLYxBJ9lmGgK,Karencitta,139103,"['pinoy edm', 'pinoy r&b', 'pinoy trap', 'vispop']",40
7HV2RI2qNug4EcQqLbCAKS,Keala Settle,148461,"['broadway', 'hollywood', 'show tunes']",65
7t0rwkOPGlDPEhaOcVtOt9,The Cranberries,3317353,"['irish rock', 'pop rock']",74
17Do37U0HEbxu1tOrKH8dL,Nadine Lustre,226347,"['opm', 'p-pop', 'pinoy r&b']",51
6ogIjp0fsbUxlqy9q2rvrT,Shanti Dope,1480463,"['opm', 'pinoy hip hop', 'pinoy r&b', 'pinoy trap', 'tagalog rap']",64
4WN5naL3ofxrVBgFpguzKo,Rudimental,1359037,"['dance pop', 'edm', 'house', 'pop', 'pop dance', 'tropical house', 'uk dance', 'uk funky']",69
3mPc8WGusz2XF3Tvs3AKCR,Carlie Hanson,443359,"['alt z', 'electropop', 'indie electropop', 'indie poptimism', 'pop', 'post-teen pop', 'social media pop']",53
4GvEc3ANtPPjt1ZJllr5Zl,Bazzi,5376793,"['dance pop', 'pop']",73
0LyOADBjj28cbvJWTXUEGA,Loren Allred,132102,"['deep talent show', 'hollywood', 'movie tunes']",60
2cQr2KbzdRtIFlfbHGnNsL,Ziv Zaifman,11254,['show tunes'],57
5F1aoppMtU3OMiltO8ymJ2,Hugh Jackman,574070,"['hollywood', 'show tunes']",68
4k9wp4ipHdA1bu1T4x1ZTG,IV Of Spades,2461798,"['opm', 'p-pop', 'pinoy trap', 'pop']",66
2LAqcqAQ8KPTsl1HBgBrqM,Michelle Williams,10259,['hollywood'],60
6Y20PijIkUoCtuvtkz37dO,Austyn Johnson,6156,['show tunes'],46
0vqJkZ0RpLZixt3lTmD8vP,Whethan,258126,"['edm', 'electropop', 'hyperpop', 'indie poptimism', 'pop', 'vapor twitch']",66
6k0IBR0lU42s2GYpNX7kA9,Brian McKnight,1389742,"['contemporary r&b', 'dance pop', 'neo soul', 'quiet storm', 'r&b', 'urban contemporary']",61
3NRFinRTEqUCfaTTZmk8ek,Savage Garden,1135907,"['australian pop', 'boy band', 'dance pop', 'europop', 'pop rock']",65
4am1I89OWXUzFh4ctRLkdd,Elliott Yamin,115759,[],44
2NzWRNaaLByHyI3wpuec8P,Jim Brickman,114114,"['new age', 'new age piano']",57
4TEJudQY2pXxVHPE3gD2EU,BlocBoy JB,1383382,"['memphis hip hop', 'pop rap', 'rap', 'southern hip hop', 'tennessee hip hop', 'trap', 'vapor trap']",61
5IcR3N7QB1j6KBL8eImZ8m,ScHoolboy Q,4449067,"['gangster rap', 'hip hop', 'pop rap', 'rap', 'southern hip hop', 'trap', 'underground hip hop']",73
28ExwzUQsvgJooOI0X1mr3,Jay Rock,1381877,"['conscious hip hop', 'gangster rap', 'hip hop', 'pop rap', 'rap', 'southern hip hop', 'trap', 'underground hip hop']",73
4qFxP3qN9GsnZDOkAE6x2m,December Avenue,5515626,"['opm', 'pinoy pop punk']",66
5Rl15oVamLq7FbSb0NNBNy,5 Seconds of Summer,9280654,"['boy band', 'dance pop', 'pop', 'post-teen pop']",79
6ueGR6SWhUJfvEhqkvMsVs,Janelle Monáe,1315621,"['afrofuturism', 'alternative r&b', 'atl hip hop', 'electropop', 'escape room', 'neo soul', 'pop', 'r&b']",67
23zg3TcAtWQy7J6upgbUnj,Usher,10405705,"['atl hip hop', 'contemporary r&b', 'dance pop', 'pop', 'r&b', 'south carolina hip hop', 'urban contemporary']",80
0b1sIQumIAsNbqAoIClSpy,j-hope,14236913,"['k-pop', 'k-rap']",78
38CvLGTsjtoloDgv3OKQp8,Robinson,104140,"['alt z', 'nz pop']",50
3Hvxz2oZPYuo61ChHKcqQI,Autotelic,212284,"['opm', 'pinoy indie', 'pinoy rock']",42
5RR0MLwcjc87wjSw2JYdwx,MOMOLAND,3780099,"['k-pop', 'k-pop girl group']",56
6beUvFUlKliUYJdLOXNj9C,King Princess,1687447,"['alt z', 'art pop', 'electropop', 'indie pop', 'indie poptimism', 'nyc pop', 'pop']",61
3Isy6kedDrgPYoTS1dazA9,Sean Paul,4291880,"['dance pop', 'dancehall', 'pop rap']",81
4mrrcDjpjUq27YEGwlisgs,Gracenote,39632,"['opm', 'pinoy indie', 'pinoy rock']",43
1tqhsYv8yBBdwANFNzHtcr,Lil Dicky,1932334,"['comedy rap', 'pop rap', 'rap']",62
3EOEK57CV77D4ovYVcmiyt,Dennis Lloyd,633924,['israeli pop'],67
33W1pnW9zScZtYTnAoWnOT,Mr. Probz,325125,"['dutch hip hop', 'tropical house']",65
5wPoxI5si3eJsYYwyXV4Wi,N.E.R.D,793664,"['hip hop', 'virginia hip hop']",58
1pPmIToKXyGdsCF6LmqLmI,Rich The Kid,3018819,"['atl hip hop', 'hip hop', 'melodic rap', 'plugg', 'pop rap', 'rap', 'southern hip hop', 'trap', 'vapor trap']",71
5jAMCwdNHWr7JThxtMuEyy,NOTD,271510,"['alt z', 'dance pop', 'edm', 'electro house', 'electropop', 'pop', 'pop dance', 'pop edm', 'post-teen pop', 'tropical house']",68
3JXpwnHbLvXxY99EuXqFPX,Poo Bear,45884,['pop r&b'],58
7n2Ycct7Beij7Dj7meI4X0,TWICE,17154871,"['k-pop', 'k-pop girl group']",83
3CjlHNtplJyTf9npxaPl5w,CHVRCHES,1353837,"['electropop', 'indie poptimism', 'metropopolis', 'neo-synthpop', 'shimmer pop']",66
2KU7pJgPoJC3uwJRZPYQ8G,BATE,1391,['malaysian indie'],22
25tMQOrIU4LlUo6Sv8v5SE,Gavin James,698058,"['irish pop', 'neo mellow']",62
6l3HvQ5sa6mXTsMTB19rO5,J. Cole,19717618,"['conscious hip hop', 'hip hop', 'north carolina hip hop', 'rap']",88
5iNrZmtVMtYev5M9yoWpEq,Seeb,337066,"['dance pop', 'edm', 'electro house', 'norwegian pop', 'pop', 'pop dance', 'pop edm', 'tropical house']",69
63gbXCha1jpkrJJ9K5gGpR,ELI,30514,['german pop'],45
3zDRCqOhJXJfS2YWOEwGMC,Christopher,253679,['danish pop'],59
0hCNtLu0JehylgoiP8L4Gh,Nicki Minaj,27824745,"['dance pop', 'hip pop', 'pop', 'queens hip hop', 'rap']",87
6qqNVTkY8uBg9cP3Jd7DAH,Billie Eilish,78764161,"['art pop', 'electropop', 'pop']",89
1frSJ3BwjRHE9jgMRQV5wC,Zookeepers,8341,['bass trap'],44
7aD2Ni3fUu66gklUFlvJi5,Kyle Juliano,221834,['opm'],45
2ZuweXv0TkfsidZOLZZoM2,HEDEGAARD,74080,"['danish electronic', 'scandipop']",58
4ScCswdRlyA23odg9thgIO,Jess Glynne,2936156,"['dance pop', 'neo mellow', 'pop', 'post-teen pop', 'tropical house', 'uk pop']",73
39rKElzF7q6K4O2flycSEc,Chlara,47373,['viral pop'],49
2gBjLmx6zQnFGQJCAQpRgw,Nelly,2385976,"['dance pop', 'hip hop', 'pop rap', 'southern hip hop', 'st louis rap']",76
5vBSrE1xujD2FXYRarbAXc,Years & Years,1952736,"['dance pop', 'edm', 'electropop', 'gauze pop', 'pop', 'pop dance', 'tropical house']",69
2DaxqgrOhkeH0fpeiQq2f4,Oasis,8489314,"['beatlesque', 'britpop', 'madchester', 'permanent wave', 'pop rock', 'rock']",77
2RdwBSPQiwcmiDo9kixcl8,Pharrell Williams,4159618,"['hip hop', 'pop', 'pop rap']",81
3mIj9lX2MWuHmhNCA7LSCW,The 1975,6502699,"['modern alternative rock', 'modern rock', 'pop', 'rock']",81
4MCBfE4596Uoi2O4DtmEMz,Juice WRLD,28526361,"['chicago rap', 'melodic rap']",90
5K4W6rqBFWDnAN6FQUkS6x,Kanye West,19710556,"['chicago rap', 'rap']",91
5cYJYBMg1n71v7cvthr1SO,The Itchyworms,1237403,"['opm', 'pinoy rock']",59
5IH6FPUwQTxPSXurCrcIov,Alec Benjamin,4238210,"['alt z', 'electropop', 'pop']",77
7uMh23xWiuR7zsNkuNcm2G,MNEK,282812,"['uk contemporary r&b', 'uk dance']",72
1ySGjTzzgiL3khDY9awOGU,Andrea Babierra,1762,['opm'],19
1AhjOkOLkbHUfcHDSErXQs,88rising,888317,"['asian american hip hop', 'pop']",68
5LHRHt1k9lMyONurDHEdrp,Tyga,6787364,"['dance pop', 'hip hop', 'pop rap', 'rap', 'southern hip hop', 'trap']",82
4VMYDCV2IEDYJArk749S6m,Daddy Yankee,32180558,"['latin hip hop', 'reggaeton', 'urbano latino']",88
20JZFwl6HVl6yg8a4H3ZqK,Panic! At The Disco,11773008,[],79
4fpTMHe34LC5t3h5ztK8qu,The Carters,1530157,"['pop', 'r&b', 'rap', 'urban contemporary']",56
7HkdQ0gt53LP4zmHsL0nap,Ella Mai,4916707,"['dance pop', 'pop', 'r&b', 'rap', 'uk contemporary r&b', 'urban contemporary']",72
3gIRvgZssIb9aiirIg0nI3,Jeremy Zucker,2134170,"['electropop', 'pop']",73
7CQwac16i1W5ej8YpuL3dv,Boyce Avenue,3133167,"['acoustic cover', 'neo mellow', 'viral pop']",71
40JlNF1w2OiSOyj1nC4y0I,Joseph Vincent,348518,['viral pop'],61
1uuV1avDy9Eup5gYHXVG05,Amber Leigh Irish,25750,"['acoustic cover', 'viral pop']",52
7HXBbxW6YwU8lvgBew2p2A,Matt Johnson,38331,"['acoustic cover', 'viral pop']",55
5JMLG56F1X5mFmWNmS0iAp,Chelsea Cutler,644293,"['alt z', 'electropop', 'indie poptimism', 'pop', 'tropical house']",69
6t1gpxYbY8OlLA7D2RiikQ,Loud Luxury,613412,"['dance pop', 'edm', 'electro house', 'pop', 'pop dance', 'tropical house']",71
30mZI7Hw2MhoarTVYxfyZM,Unique Salonga,358632,"['opm', 'pinoy city pop', 'pinoy indie']",57
5CiGnKThu5ctn9pBxv7DGa,benny blanco,1042937,"['dance pop', 'edm', 'electropop', 'pop', 'pop rap']",74
5qRSs6mvI17zrkJpOHkCoM,iKON,3453027,"['k-pop', 'k-pop boy group']",62
1klFdLh3pak3eOtJP0styY,Triple H,496509,['k-pop'],38
4RUeoFWpDZ3IxGR7LYPoYN,Angelina Cruz,47196,"['acoustic opm', 'opm']",26
7tKpXx21KVUOR6vvDs6xtg,I Belong to the Zoo,2269369,"['opm', 'pinoy indie']",57
7gZfnEnfiaHzxARJ2LeXrf,6ix9ine,6818427,"['emo rap', 'rap', 'trap']",73
3v6Ji4uoWtKRkhuDUaxi9n,Dynoro,253343,"['covertronica', 'dance pop', 'edm', 'electro house', 'pop dance', 'tropical house']",67
7h4j9YTJJuAHzLCc3KCvYu,Kina Grannis,505830,"['acoustic pop', 'neo mellow', 'viral pop']",63
3QSQFmccmX81fWCUSPTS7y,Dean Lewis,2499506,"['australian pop', 'pop']",78
5Y8eJDj37KhaEeqbVO7Ag1,PRETTYMUCH,1262484,"['boy band', 'dance pop', 'pop', 'post-teen pop']",61
6MXu7TWZnmykwkXiRJeUMh,Imago,867476,"['opm', 'pinoy rock', 'pop rock']",50
3pTaNQJ7TAU4yL7KEZp5sF,Nyoy Volante,83851,['opm'],39
0Vw76uk7P8yVtTClWyOhac,HONNE,1496889,"['chill r&b', 'pop', 'uk pop']",66
5xuNBZoM7z1Vv8IQ6uM0p6,JoJo,2285830,"['dance pop', 'pop', 'post-teen pop', 'r&b', 'urban contemporary']",63
4LcUpNlXFEleaLlelmkv2R,Kris Kross Amsterdam,196212,"['dutch house', 'dutch pop']",64
6auWB5YAlcKaHyrbTH66nd,No Rome,192671,['indietronica'],54
65XA3lk0aG9XejO8y37jjD,the bird and the bee,168202,"['indie pop', 'la indie']",45
1foL9hLC9M6U94dINtOYfb,Girls' Generation-Oh!GG,198219,"['k-pop', 'k-pop girl group']",41
2X97ZAqRKRMYFIDqtvGgGc,Silk City,78922,['edm'],56
4AVFqumd2ogHFlRbKIjp1t,Alesso,3930546,"['dance pop', 'edm', 'electro house', 'pop', 'pop dance', 'tropical house']",76
2NdeV5rLm47xAvogXrYhJX,Ciara,6100353,"['dance pop', 'hip pop', 'pop', 'post-teen pop', 'r&b', 'southern hip hop', 'urban contemporary']",70
30DIeQNV9s1HEXyuCpGF4l,Khel Pangilinan,709223,['opm'],52
3MZsBdqDrRTJihTHQrO6Dq,Joji,8322673,['viral pop'],84
13y7CgLHjMVRMDqxdx0Xdo,Gucci Mane,4763657,"['atl hip hop', 'dirty south rap', 'gangster rap', 'hip hop', 'pop rap', 'rap', 'southern hip hop', 'trap']",79
0n4a5imdLBN24fIrBWoqrv,Because,603593,"['opm', 'pinoy hip hop', 'pinoy r&b', 'pinoy trap', 'tagalog rap']",60
0p4nmQO2msCgU4IF37Wi3j,Avril Lavigne,9720821,"['canadian pop', 'candy pop', 'dance pop', 'pop', 'post-teen pop']",77
2kCcBybjl3SAtIcwdWpUe3,Lil Peep,9868517,"['emo rap', 'lgbtq+ hip hop']",84
0a4r2EnsevvHCukoJ1xFwJ,juan karlos,1065934,"['opm', 'pinoy indie']",54
55Aa2cqylxrFIXC767Z865,Lil Wayne,13358817,"['hip hop', 'new orleans rap', 'pop rap', 'rap', 'trap']",87
5HIZU0JzM0AgfItVOm4E08,This Band,1762270,"['opm', 'p-pop']",52
5zctI4wO9XSKS8XwcnqEHk,Lil Mosey,5032491,"['melodic rap', 'rap', 'rap conscient', 'trap', 'vapor trap']",71
2TwRMSibtKhC7ZGypSl1el,Drei Raña,42559,['acoustic opm'],24
6sEgMZsruguWlnwVdiz4IX,Midnight Meetings,17172,['pinoy indie'],24
3bsQY9pFWVzUMxlSgGQuBn,Patch Quiwa,432443,['opm'],45
4q3ewBCX7sLwd24euuV69X,Bad Bunny,67186048,"['reggaeton', 'trap latino', 'urbano latino']",98
46SHBwWsqBkxI7EeeBEQG7,Kodak Black,9156788,"['florida drill', 'florida rap', 'hip hop', 'melodic rap', 'miami hip hop', 'rap', 'trap', 'trap latino']",82
4npEfmQ6YuiwW1GpUmaq3F,Ava Max,5860338,"['dance pop', 'pop']",82
5Z1CCuBsyhEHngq3U5IraY,Westlife,3568901,"['boy band', 'europop']",71
2auC28zjQyVTsiZKNgPRGs,RM,13173455,['k-rap'],77
2cWZOOzeOm4WmBJRnD5R7I,Normani,2350875,"['dance pop', 'pop', 'post-teen pop', 'r&b', 'rap']",70
1dfeR4HaWDbWqFHLkxsg1d,Queen,46052909,"['classic rock', 'glam rock', 'rock']",86
5r1tUTxVSgvBHnoDuDODPH,IZ*ONE,1748924,"['k-pop', 'k-pop girl group']",63
5CY0QKsbUBpQJIE2yycsYi,Lil Eddie,29041,[],48
4gOc8TsQed9eqnqJct2c5v,K/DA,1903911,['k-pop girl group'],65
3HqSLMAZ3g3d5poNaI7GOU,IU,7898722,['k-pop'],72
250b0Wlc5Vk0CoUsaCY84M,JENNIE,3228675,['k-pop'],63
042sjIstxjQz7xhDkEayIE,Lavaado,9935,[],22
20sxb77xiYeusSH8cVdatc,Meek Mill,7084637,"['hip hop', 'philly rap', 'pop rap', 'rap', 'southern hip hop', 'trap']",76
2JI8ViuZDBybY6Xd9ujUrb,Reese Lansangan,166184,"['opm', 'pinoy indie']",46
3hv9jJF3adDNsBSIQDqcjp,Mark Ronson,1005154,"['dance pop', 'pop']",76
3KovZIDNYgQY8chiNZo2ZF,Just Hush,411677,"['opm', 'pinoy r&b', 'pinoy trap']",57
4STHEaNw4mPZ2tzheohgXB,Paul McCartney,4350277,"['album rock', 'art rock', 'beatlesque', 'classic rock', 'folk rock', 'mellow gold', 'rock', 'soft rock']",72
49e4v89VmlDcFCMyDv9wQ9,Dean Martin,1467208,"['adult standards', 'easy listening', 'lounge']",68
0qSX3s5pJnAlSsgsCne8Cz,Brett Eldredge,1437379,"['adult standards', 'contemporary country', 'country', 'country road', 'modern country rock']",62
4x1nvY2FN8jxqAFA0DA02H,John Lennon,5378242,"['album rock', 'beatlesque', 'classic rock', 'mellow gold', 'rock']",71
7CyeXFnOrfC1N6z4naIpgo,The Ronettes,235579,"['adult standards', 'brill building pop', 'classic girl group', 'soul']",59
5v8jlSmAQfrkTjAlpUfWtu,Perry Como,461572,"['adult standards', 'easy listening', 'lounge']",57
0MHgLfmQdutffmvWe5XBTN,Burl Ives,84524,"['adult standards', 'american folk revival']",48
77tT1kLj6mCWtFNqiOmP9H,Daryl Hall & John Oates,2071971,"['album rock', 'classic rock', 'mellow gold', 'rock', 'soft rock', 'yacht rock']",73
1x9aBTOQP8VjLBgKVm81K6,Nef Medina,1042,['opm'],30
7K78lVZ8XzkjfRSI7570FF,José Feliciano,335490,"['latin pop', 'puerto rican pop']",63
2lolQgalUvZDfp5vvVtTYV,Tony Bennett,794838,"['adult standards', 'easy listening', 'lounge', 'vocal jazz']",62
4ivXbUYuZslF08Ca5EuJGc,Kithara,10653,['opm'],20
5KEG7G8LDYlHgFDqZyEEs2,Chris Rea,873389,"['album rock', 'art rock', 'blues rock', 'classic rock', 'mellow gold', 'soft rock', 'sophisti-pop']",60
43ZHCT0cAZBISjO8DG9PnE,Elvis Presley,8080836,"['rock-and-roll', 'rockabilly']",80
3rXT3DX9OeNMfH8Thivxrk,Tres Hermanas,13759,"['acoustic opm', 'rosary']",38
3eqjTLE0HfPfh78zjh6TqT,Bruce Springsteen,5486744,"['classic rock', 'heartland rock', 'mellow gold', 'permanent wave', 'rock', 'singer-songwriter']",76
4RVnAU35WRWra6OZ3CbbMA,Kylie Minogue,1651817,"['australian dance', 'australian pop', 'dance pop', 'electropop', 'eurodance', 'europop', 'new wave pop', 'pop']",69
4QvYFzlTFZFg2904xx8gOu,Ariel Rivera,349201,"['classic opm', 'opm']",50
1l7ZsJRRS8wlW3WfJfPfNS,Christina Aguilera,7496916,"['dance pop', 'pop', 'post-teen pop']",79
7or90S16MNx8VogdeOqlKq,Cocoy Claravall,2473,['pinoy singer-songwriter'],14
7guDJrEfX3qb6FEbdPA5qi,Stevie Wonder,6051240,"['adult standards', 'funk', 'motown', 'quiet storm', 'soul']",76
0hItVPjwJLVZrFqOyIsxPf,Judy Garland,224882,"['adult standards', 'hollywood', 'lounge', 'torch song', 'vocal jazz']",50
0wi4yTYlGtEnbGo4ltZTib,Shakin' Stevens,126766,"['classic uk pop', 'europop', 'new wave pop', 'rock-and-roll', 'rockabilly', 'soft rock']",53
293zczrfYafIItmnmM3coR,Chuck Berry,1774457,"['classic rock', 'rock', 'rock-and-roll', 'rockabilly']",67
0WleeEe3UurwlNbDGhb5Yz,ALLMO$T,860810,"['opm', 'pinoy hip hop', 'pinoy r&b', 'tagalog rap']",54
72nLe76yBFSlP6VBzME358,SHAUN,352818,['k-pop'],62
3KwmxIhSe9UTSEF37kwngR,SHAED,159591,"['electropop', 'pop']",61
0iqkVK6sTXi7DZWWOeKy8Q,PDL,126923,"['pinoy hip hop', 'pinoy r&b']",54
5KnoVkIUGmK0PiDKMjz2LM,Feder,198488,"['new french touch', 'tropical house']",56
7F9FobwEoTXZRdi1MAUFjX,Alex Gonzaga,59391,['brazilian gospel'],28
6ioOEWNNGK40H8xrGj6XPW,XYLØ,343021,"['alt z', 'electropop', 'indie electropop', 'indie poptimism', 'la pop', 'pop', 'vapor soul']",52
01pKrlgPJhm5dB4lneYAqS,Sigma,305194,"['dance pop', 'dancefloor dnb', 'drum and bass', 'edm', 'house', 'pop dance', 'tropical house', 'uk dance']",60
1z7b1Pr1rSlvWRzsW3HOrS,Russ,4768211,"['hawaiian hip hop', 'rap']",79
4utLUGcTvOJFr6aqIJtYWV,Skylar Grey,565393,"['piano rock', 'viral pop']",69
31W5EY0aAly4Qieq6OFu6I,A Boogie Wit da Hoodie,7282128,"['melodic rap', 'rap']",83
3hteYQFiMFbJY7wS0xDymP,Gesaffelstein,485299,"['dark clubbing', 'destroy techno']",76
0cGUm45nv7Z6M6qdXYQGTX,Kehlani,6751722,"['dance pop', 'pop', 'post-teen pop', 'r&b', 'rap']",76
4GNC7GD6oZMSxPGyXy4MNB,Lewis Capaldi,10781462,"['pop', 'uk pop']",83
4sTQVOfp9vEMCemLw50sbu,Galantis,3345608,"['dance pop', 'edm', 'electro house', 'pop', 'pop dance', 'tropical house']",74
2uhjpR62cyl0U8HD38yFQ8,JM De Guzman,143122,"['opm', 'vispop']",43
2KC9Qb60EaY0kW4eH68vr3,ITZY,5321671,['k-pop girl group'],73
5e4Dhzv426EvQe3aDb64jL,Shania Twain,2868189,"['canadian country', 'canadian pop', 'country', 'country dawn', 'dance pop']",75
6Ad91Jof8Niiw0lGLLi3NW,YUNGBLUD,2068366,"['british indie rock', 'modern rock', 'rock']",71
7bT6URJrhJleZUfkrysELD,Armi Millare,13067,['pinoy singer-songwriter'],31
7aerdWadzubpu06Oxysg6R,Paolo Sandejas,55104,"['opm', 'pinoy indie']",44
43CiK1548VVp2DT95joswS,Billy Crawford,16264,"['opm', 'pinoy r&b']",35
1MIVXf74SZHmTIp4V4paH4,Mabel,1788075,"['dance pop', 'edm', 'pop', 'pop dance', 'post-teen pop', 'tropical house', 'uk pop']",70
7gOdHgIoIKoe4i9Tta6qdD,Jonas Brothers,6882221,"['boy band', 'dance pop', 'pop', 'post-teen pop']",77
0ghlgldX5Dd6720Q3qFyQB,TOMORROW X TOGETHER,7773513,"['k-pop', 'k-pop boy group']",80
0haZhu4fFKt0Ag94kZDiz2,Sofía Reyes,2889827,"['dance pop', 'latin pop', 'mexican pop', 'urbano mexicano']",68
5qa31A9HySw3T7MKWI9bGg,FLETCHER,780985,"['alt z', 'dance pop', 'electropop', 'pop', 'post-teen pop']",69
6WY7D3jk8zTrHtmkqqo5GI,Maren Morris,728434,"['contemporary country', 'country', 'pop', 'texas country']",73
1UvsiRB2EarPibq6XRl9Sv,Pricetagg,146834,"['pinoy hip hop', 'pinoy trap', 'tagalog rap']",45
7pbDxGE6nQSZVfiFdq9lOL,Rex Orange County,5235921,"['bedroom pop', 'pop']",78
7jVv8c5Fj3E9VhNjxT4snq,Lil Nas X,12375868,"['lgbtq+ hip hop', 'pop']",81
57RB9qdhVRreynzLJ5tPkD,Avery,87,[],0
3ZZzT0naD25RhY2uZvIKkJ,EVERGLOW,1750780,"['k-pop', 'k-pop girl group']",62
3nlHsNqwCSvT988ZfSW1Yh,Ronan Keating,976809,"['europop', 'soft rock']",63
4HPuFCMUiNcV4f3ew0flbZ,Alisson Shore,290479,"['opm', 'pinoy indie', 'pinoy r&b']",56
6USv9qhCn6zfxlBQIYJ9qs,Dominic Fike,1042017,"['alternative pop rock', 'pop']",74
70ljCILl0aVXitf3K39YvT,Join The Club,318554,"['opm', 'pinoy indie', 'pinoy rock']",50
56oDRnqbIiwx4mymNEv7dS,Lizzo,5513439,"['dance pop', 'escape room', 'minnesota hip hop', 'pop', 'trap queen']",80
6vCnF48qqPHgVMBEvcbgkU,CLR,169781,"['pinoy alternative rap', 'pinoy hip hop', 'pinoy r&b', 'pinoy trap', 'tagalog rap']",51
6gcteR920pLEynlHzjSRYd,Kiyo,695102,"['opm', 'pinoy hip hop', 'tagalog rap']",62
5DuzBeOgFwViFcv00Q5PFb,WINNER,2481643,"['k-pop', 'k-pop boy group']",56
2UeuiDT17tm6ljs9D4bSMX,Agsunta,687916,"['opm', 'pinoy rock']",53
4V8LLVI7PbaPR0K2TGSxFF,"Tyler, The Creator",10921306,"['hip hop', 'rap']",88
24CgJHK6T7C5OmUbiLLMjJ,Luh Kel,1043972,"['pop r&b', 'st louis rap']",60
0C8kbAJOGo7CHx8jDTyTfR,Mena Massoud,18155,"['hollywood', 'show tunes']",50
2Zi3RrdQqk63Xj0914STkS,Naomi Scott,339317,"['hollywood', 'vapor pop']",62
5sy77gt4bfsLcSQ8GIe4ZZ,Alan Menken,105522,"['broadway', 'hollywood', 'movie tunes', 'orchestral soundtrack', 'show tunes']",61
50co4Is1HCEo8bhOyUWKpn,Young Thug,8144756,"['atl hip hop', 'atl trap', 'gangster rap', 'hip hop', 'melodic rap', 'pop rap', 'rap', 'trap']",86
7cVZApDoQZpS447nHTsNqu,LeeHi,1481501,"['k-pop', 'pop']",68
41qil2VaGbD194gaEcmmyx,Will Smith,874369,"['dance pop', 'hip hop', 'pop rap']",67
7zYj9S9SdIunYCfSm7vzAR,JEON SOMI,1837655,"['k-pop', 'pop']",62
4rTv3Ejc7hKMtmoBOK1B4T,Ali Gatie,2029897,"['canadian hip hop', 'pop']",70
2Xr7M6vawpp6zwKOMU7iBU,Reneé Dominique,110780,['pinoy indie'],47
1dpv0XBdgUa5z4vzn7ahIz,Donnalyn,296353,['opm'],40
14scxEoUN7Dcx1m4EQ7oHe,Ashley O,59560,[],44
7oEWmZ9dKlAVxTgmjUbYr4,J Boog,274090,"['jawaiian', 'kaneka', 'pacific islands pop']",59
3yzRiNMZdTsSUgplcyYZ4i,Blanco Brown,140862,"['black americana', 'country rap']",59
2OYCiru0FZMaAXWn6eL7MA,VVS Collective,29632,"['pinoy hip hop', 'pinoy trap', 'tagalog rap']",37
0YrWkiT8pKvEu71t5Yllj7,Arvey,42462,['pinoy hip hop'],40
71hhKLR9oCOsHLdRIoQ5OU,King Badger,161609,"['pinoy hip hop', 'pinoy trap', 'tagalog rap']",47
0HS00NN7MAfF59aJnfcxSO,Stephanie Poetri,542476,[],57
6USMTwO0MNDnKte5a5h0xx,Y2K,288820,['pop rap'],63
1d8sE3eKAsuUHShVmIwK6d,Psychedelic Boyz,49679,"['pinoy alternative rap', 'pinoy hip hop', 'pinoy trap', 'tagalog rap']",31
4qIVPF0s71ZYW3qzhu5GkF,Kina,767872,['sad lo-fi'],69
4Ga1P7PMIsmqEZqhYZQgDo,Lil Tecca,5865122,"['melodic rap', 'pluggnb', 'rap', 'trap']",78
117XFtbZPnCI1EYKjYZWJc,Skusta Clee,1578563,"['pinoy hip hop', 'tagalog rap']",64
2NjfBq1NflQcKSeiDooVjY,Tones And I,3008736,"['australian pop', 'dance pop', 'pop']",72
181bsRPaVXVlUKXrxwZfHK,Megan Thee Stallion,7605949,"['dance pop', 'houston rap', 'pop', 'rap', 'trap queen']",80
1juIpte4oHJ5ngVLPTUPuJ,Justin Vasquez,208643,"['opm', 'pinoy r&b']",45
1vcXQE9gZOF9PCAtdtT51L,Geo Ong,444290,"['pinoy alternative rap', 'pinoy hip hop', 'tagalog rap']",42
6C4irZ60X8G7UimMRQiCcg,X1,351064,['k-pop'],41
3g7vYcdDXnqnDKYFwqXBJP,SB19,626946,"['opm', 'p-pop', 'pinoy idol pop']",59
28B54RKpJrEmDoGSTjsfY6,Magnus Haven,453014,"['opm', 'p-pop']",52
7z5WFjZAIYejWy0NI5lv4T,Dan + Shay,2899471,"['contemporary country', 'country', 'country road', 'pop']",73
5BHFSMEjfLVx1JwRWjAOsE,SuperM,1994868,['k-pop'],56
6ZdzYE3CEgY0Umgi3Dsgv8,Michael Dutchi Libranda,254512,['opm'],43
4ofCBoyEiGSePFAG500xev,Regard,210001,"['covertronica', 'dance pop', 'edm', 'electro house', 'pop', 'pop dance', 'pop edm', 'slap house', 'tropical house']",71
3lFMRWaEWZlfXdBig97kks,Nik Makino,541931,"['pinoy hip hop', 'pinoy trap', 'tagalog rap']",56
0vRvGUQVUjytro0xpb26bs,Arizona Zervas,710208,"['pop', 'pop rap', 'rhode island rap', 'social media pop']",68
7FBcuc1gsnv6Y1nwFtNRCb,My Chemical Romance,7539529,"['emo', 'pop punk']",78
4jpsw9CQS439N0B7SecMgf,Ant Saunders,85214,"['chill r&b', 'pop']",51
66W9LaWS0DPdL7Sz8iYGYe,JP Saxe,422665,"['alt z', 'canadian contemporary r&b', 'pop']",68
7xX15v6ahAkcT14kHfB9wB,True Damage,111679,['k-rap'],48
73Np75Wv2tju61Eo9Zw4IR,Idina Menzel,416798,"['hollywood', 'show tunes']",70
7vwlQ7XElRyPMJQGUXBz4O,Tatak Pinoy All-Stars,10420,[],31
1SrWbIDP84JcSDr0oTBAQw,Matthaios,977801,"['opm', 'pinoy hip hop', 'tagalog rap']",54
7KkqUt65v6LMtR369OQ6FB,Jonathan Groff,104605,"['hollywood', 'show tunes']",64
2kHxkdiKCSnHMkhIgFBZaI,Kristen Bell,81297,"['hollywood', 'movie tunes']",66
4dSQICBjdUIp5iK6RRU2bY,Josh Gad,29154,"['hollywood', 'movie tunes', 'show tunes']",62
3MyB0MyKec3Jq0AH2llk7v,Evan Rachel Wood,24640,['hollywood'],59
70kkdajctXSbqSMJbQO424,Kacey Musgraves,1211691,"['country dawn', 'pop', 'texas country']",70
2SrSdSvpminqmStGELCSNd,Stormzy,2731170,"['grime', 'uk hip hop']",74
7uaIm6Pw7xplS8Dy06V6pT,Trevor Daniel,751828,"['melodic rap', 'pop', 'pop rap']",68
4sEykiNSzZbkFkNXTb1bVd,Hotdog,56917,"['classic opm', 'manila sound']",43
1vVHevk2PD45epYnDi9CCc,Jack Stauber,1530260,['pittsburgh indie'],63
51Blml2LZPmy7TTiAg47vQ,U2,10937632,"['irish rock', 'permanent wave', 'rock']",80
6gbGGM0E8Q1hE511psqxL0,Ray J,715779,"['pop rap', 'r&b', 'urban contemporary']",55
391oLRVmoTkumiN79HkTWu,Darlene Love,50316,['adult standards'],46
0XATRDCYuuGhk0oE7C0o5G,MAMAMOO,6580807,"['k-pop', 'k-pop girl group']",67
790FomKkXshlbRYZFtlgla,KAROL G,33925351,"['reggaeton', 'reggaeton colombiano', 'urbano latino']",93
757aE44tKEUQEqRuT6GnEB,Roddy Ricch,9167888,"['melodic rap', 'rap', 'trap']",81
4r63FhuTkUYltbVAg5TQnk,DaBaby,10689437,"['north carolina hip hop', 'rap', 'trap']",82
4Gso3d4CscCijv0lmajZWs,Don Toliver,2750415,"['rap', 'trap']",85
5cj0lLjcoR7YOSnhnX0Po5,Doja Cat,24998171,"['dance pop', 'pop']",87
4vxaQs6vK54nK89J1VtLex,PUBLIC,200689,['indie rockism'],61
4LLpKhyESsyAXpc4laK94U,Mac Miller,8793978,"['hip hop', 'pittsburgh rap', 'rap']",84
1Bl6wpkWCQ4KVgnASpvzzA,BROCKHAMPTON,2093056,"['boy band', 'hip hop', 'rap']",69
2kxP07DLgs4xlWz8YHlvfh,NIKI,2441209,"['indonesian r&b', 'pop']",74
1LZEQNv7sE11VDY3SdxQeN,Bee Gees,6681412,"['disco', 'mellow gold', 'soft rock']",78
3gz6bSc7rsT9g4cB7r4xac,Young Vito,637,[],2
2EGJbNf0Hva2C2N6hvhMXD,Soulstice,67683,"['pinoy hip hop', 'tagalog rap']",37
4XpUIb8uuNlIWVKmgKZXC0,ZICO,1281615,"['k-pop', 'k-rap', 'korean r&b']",63
6Rx1JKzBrSzoKQtmbVmBnM,Hayley Williams,612589,"['art pop', 'indie pop']",65
137W8MRPWKqSmrBGDBFSop,Wiz Khalifa,10977445,"['dance pop', 'hip hop', 'pittsburgh rap', 'pop rap', 'rap', 'southern hip hop', 'trap']",83
4ETSs924pXMzjIeD6E9b4u,Surfaces,888722,"['bedroom soul', 'pop']",69
060TqET6tyyfAQLXDyIDD8,Raf Davis,63699,"['pinoy hip hop', 'pinoy trap']",45
4xXCRXOfQKQ2gjWxNhNzYW,Air Supply,3739256,"['mellow gold', 'soft rock']",69
6bmlMHgSheBauioMgKv2tn,Powfu,1156851,"['lo-fi chill', 'sad lo-fi', 'sad rap']",72
3PDFGpPl4ienSn5Vwisfrh,Flow G,944700,"['pinoy hip hop', 'pinoy r&b', 'tagalog rap']",67
7dxr6AabRWhsfYRyVJlErK,MC Einstein,107461,"['pinoy hip hop', 'tagalog rap']",52
0Cp8WN4V8Tu4QJQwCN5Md4,BENEE,745475,"['alt z', 'nz pop', 'pop']",68
3JsHnjpbhX4SnySpvpa9DK,V,12585788,"['j-division', 'korean ost']",69
2Q9c6ETFOkDDTy53U7DIgr,Maximillian,515759,"['gen z singer-songwriter', 'pop']",59
74cb3MG0x0BOnYNW1uXYnM,Hillsong UNITED,3695688,"['ccm', 'christian alternative rock', 'christian music', 'world worship', 'worship']",72
4tw2Lmn9tTPUv7Gy7mVPI4,Kenny Rogers,2432192,"['adult standards', 'classic country pop', 'country', 'mellow gold', 'nashville sound', 'soft rock']",69
0H39MdGGX6dbnnQPt6NQkZ,SAINt JHN,948976,"['melodic rap', 'rap', 'slap house']",71
1Do4bSzfUl0KWL9r1fITu0,Yoon Mirae,280557,"['k-pop', 'korean ost', 'korean pop', 'korean r&b']",57
6dhfy4ByARPJdPtMyrUYJK,Yerin Baek,533801,"['k-pop', 'korean pop']",60
0xRXCcSX89eobfrshSVdyu,MEDUZA,620526,"['edm', 'pop', 'pop dance', 'pop house', 'tropical house']",78
3r0NbTTxtCBUyxcIR4prXr,Jr Crown,119171,"['opm', 'pinoy hip hop', 'tagalog rap']",49
3FwNjtXQCdxpDOXmgJQGnG,Emman,275401,"['pinoy hip hop', 'tagalog rap']",50
2HPaUgqeutzr3jx5a9WyDV,PARTYNEXTDOOR,4977036,"['pop', 'r&b', 'rap', 'toronto rap', 'urban contemporary']",79
1lmU3giNF3CSbkVSQmLpHQ,Surf Mesa,157576,['tropical house'],63
3O5HD95HTEPgoPFOjAb7yV,DripReport,101978,['viral rap'],54
2TJHmhbmT7L3gw2NKyDTHh,Manu Pilas,35135,[],52
2AfmfGFbe0A0WsTYm0SDTx,(G)I-DLE,5420073,"['k-pop', 'k-pop girl group']",75
6eJqAWJdd8JhAN1pQGie4r,Casting Crowns,1853681,"['ccm', 'christian alternative rock', 'christian music', 'worship']",66
6L1XC7NrmgWRlwAeLJvVtA,Sam Fischer,230505,"['australian pop', 'pop', 'uk pop']",67
6nfDaffa50mKtEOwR8g4df,GOT7,6506532,"['k-pop', 'k-pop boy group']",63
3ybZTNrlK0QhL4rBxfLHOc,Gaho,337042,"['k-pop', 'korean pop']",54
2PaZWGu5T5nHjY2xxAkFsT,THE SCOTTS,183566,[],59
59IohbmVWokN339BcxYt1S,Danzz,212,[],3
63yrD80RY3RNEM2YDpUpO8,Melanie Martinez,16945868,"['alt z', 'electropop', 'pop']",85
3qNVuliS40BLgXGxhdBdqu,TAEYEON,2715177,"['k-pop', 'pop']",68
19POcrtA9EM2Bvlgf19VPu,Brian Pepito,1991,"['bisaya rap', 'vispop']",39
1IFBgp2dkXquUYSNEY6hK7,Soulthrll,19044,"['bisaya rap', 'cdo indie', 'pinoy hip hop', 'pinoy trap', 'tagalog rap', 'vispop']",46
27CDb3SwK4OdTI0YrGR9vH,Tanya Manalang,1578,[],34
5TnQc2N1iKlFjYD7CPGvFc,DAY6,3040785,"['k-pop', 'k-pop boy group']",65
4YXNoMVTHRt01jYaKXTumJ,Raiden,67129,['korean electronic'],53
76BiSFOr2qBMR7TtLxOG5o,Gian Magdangal,897,[],28
5RmQ8k4l3HZ8JoPb4mNsML,Agust D,11241370,['k-rap'],70
7f4ignuCJhLXfZ9giKT7rH,NCT 127,6476682,"['k-pop', 'k-pop boy group']",72
1XLWox9w1Yvbodui0SRhUQ,StaySolidRocky,166335,['melodic rap'],60
6kyw9sh7ryjy1GQdPYH3Yd,Juan Caoile,69841,"['pinoy hip hop', 'tagalog rap']",42
52gTrzyF0DyfkFl1DQz9Oq,Music Hero,109709,"['opm', 'p-pop']",48
6sFHvCyqklnJpXC9Nh1aag,Alexander 23,363949,"['alt z', 'pop']",63
4ufh0WuMZh6y4Dmdnklvdl,BAEKHYUN,2559161,['k-pop'],64
0imE3buPhAowREqCrr4CYe,Peach Tree Rascals,213813,"['chill r&b', 'indie r&b', 'pop']",60
7uDdl5V5AETSFY7K3muu22,Arthur Nery,3245511,"['cdo indie', 'opm', 'p-pop']",69
19vSzy8s8Vc04MWTqExkLN,Ajay Stephens,15413,[],30
1slszTGbkp1uNnI6G5uD0X,BANG YE DAM,196833,[],44
56mfhUDKa1vec6rSLZV5Eg,Jawsh 685,109905,['nz pop'],63
7vPGzgDg3qGUY5bWtrO3K4,Conkarah,73712,['jawaiian'],52
3f0X043zSojego7Qn4Yi6U,Ace Banzuelo,301316,"['opm', 'p-pop', 'pinoy indie', 'pinoy r&b', 'tagalog rap']",58
0u6GtibW46tFX7koQ6uNJZ,Topic,206737,"['covertronica', 'dance pop', 'edm', 'electro house', 'german dance', 'pop', 'pop dance', 'pop edm', 'tropical house']",75
7Dhd8nNMvFdye1R3Y8wE6C,Lil Vinceyy,10777,"['pinoy hip hop', 'tagalog rap']",35
7nqOGRxlXj7N2JYbgNEjYH,SEVENTEEN,8834340,"['k-pop', 'k-pop boy group']",79
2dIgFjalVxs4ThymZ67YCE,Stray Kids,10861872,"['k-pop', 'k-pop boy group']",84
7bmYpVgQub656uNTu6qGNQ,Hwa Sa,3911827,"['k-pop', 'korean talent show']",64
3JDG63cSaK3xgDnB2H55Xp,Audrey Mika,165686,[],54
2M4mQMnLHQQXsFsRmTTqsR,Jana Garcia,1041,['pinoy singer-songwriter'],20
0NIPkIjTV8mB795yEIiPYL,Wallows,2511014,"['indie pop', 'modern rock', 'pop']",72
6bwp9ObI8FWvMPCIWVBmhl,Red Velvet - IRENE & SEULGI,686870,['k-pop'],52
36cIRruPdUPW82OmPWVUQ7,Michael Bars,3252,[],21
6741jcSlgsv0M3B4ruIPS5,EXO-SC,1157654,['k-pop boy group'],47
2JbE7jUIGtpXSzytnyMg6U,Curtis Waters,83775,[],53
5ENj57ble0bsG2s6C0vVkc,Alessandra De Rossi,1980,[],32
2IDLDx25HU1nQMKde4n61a,Rich Brian,2148983,['indonesian hip hop'],70
5GoU6Zkbt3w10nTYq6vBQh,Twenty-Nine Eleven,14031,[],22
2LIk90788K0zvyj2JJVwkJ,Jack Harlow,2840233,"['deep underground hip hop', 'kentucky hip hop', 'pop', 'rap']",81
4Uc8Dsxct0oMqx0P6i60ea,Conan Gray,7790412,"['bedroom pop', 'pop']",81
3KonOYiLsU53m4yT7gNotP,TREASURE,2614980,['k-pop'],71
4BBN286rBKyCWsSPq2cxYO,Sam Kim,420495,"['chill r&b', 'k-pop', 'korean pop', 'korean r&b']",60
1KP6TWI40m7p3QBTU6u2xo,BØRNS,1130839,"['modern rock', 'pop']",68
6iWghHqk07KYuZWB21Ff4i,Jem Macatuno,16746,"['opm', 'pinoy singer-songwriter']",44
4slXciON4jYY6mqE9LjSFx,Bandang Lapis,428714,"['opm', 'p-pop']",56
45dkTj5sMRSjrmBSBeiHym,Tate McRae,3464889,['pop'],81
6fWVd57NKTalqvmjRd2t8Z,24kGoldn,2007609,"['cali rap', 'pop', 'pop rap', 'rap']",73
0eDvMgVFoNV3TpwtrVCoTj,Pop Smoke,12295154,['brooklyn drill'],84
0ZVAv3drBuIRSc88ATH6UK,DJ Noiz,98957,"['dubsteppe', 'nz hip hop', 'pacific islands pop', 'pop rap']",52
3Q2ya2vGeOhQ9CaF9wWNP6,Shane Filan,161123,"['irish pop', 'neo mellow']",55
6DiAVYfSzZi8h1fGuTD6LI,Jimmy Bondoc,444900,['opm'],47
6DgP9otnZw5z6daOntINxp,Joel Corry,340102,"['dance pop', 'edm', 'pop', 'pop dance', 'tropical house', 'uk dance']",76
1W7FNibLa0O0b572tB2w7t,Pink Sweat$,1646508,"['bedroom soul', 'chill r&b', 'pop']",70
3QJUFtGBGL05vo0kCJZsmT,salem ilese,304702,['modern indie pop'],66
3wVXTWabe3viT0jF7DfjOL,Vedo,389109,"['pop r&b', 'pop rap', 'r&b']",63
3hB5x7E5sQzBHuG3xiqmUC,Logan Harris,2235,[],0
5R4HkjoZdxW3ZoVGC0e0qD,Julian Sean,34562,['opm'],41
3ID2V4b0oGSEbwPENAsdbG,Gagong Rapper,3444,[],0
6MPCFvOQv5cIGfw3jODMF0,Internet Money,710644,"['pop rap', 'rap', 'trap']",72
021sXp6RH5MQCCp2hmal6q,Jom,46208,"['opm', 'pinoy r&b']",46
3V0ZQW0dNuVaFtbVYgSI24,Claire Rosinkranz,357066,"['alt z', 'indie pop', 'modern indie pop', 'pop']",63
7MPGCB854Qo4alYMOPkBka,Ritt Momney,126299,"['bedroom pop', 'indie pop']",59
7dFzqx2qyelGPiBKmdSEOT,Rob Deniel,181240,"['opm', 'p-pop', 'pinoy singer-songwriter']",53
543f0NvGig5Moo9XROTUur,Ebe Dancel,136921,"['opm', 'pinoy rock']",50
2C9n4tQgNLhHPhSCmdsQnk,David Archuleta,519265,"['dance pop', 'idol', 'lds youth', 'post-teen pop', 'viral pop']",54
3l0CmX0FuQjFxr8SK7Vqag,Clairo,3809968,"['bedroom pop', 'indie pop', 'pop']",76
3paGCCtX1Xr4Gx53mSeZuQ,NCT U,3944878,"['k-pop', 'k-pop boy group']",64
4zrB9WV6Z0iKKnGb1Pj0P2,AJ Rafael,155025,['viral pop'],50
0qlWcS66ohOIi0M8JZwPft,GFRIEND,1497534,"['k-pop', 'k-pop girl group']",61
1r4hJ1h58CWwUQe3MxPuau,Maluma,33559980,"['reggaeton', 'reggaeton colombiano', 'urbano latino']",85
6YVMFz59CuY7ngCxTxjpxE,aespa,2966100,['k-pop girl group'],72
20DZAfCuP1TKZl5KcY7z3Q,SLANDER,401118,"['dubstep', 'edm', 'pop dance', 'tropical house']",68
2JyNzzFJh2wkkZo7ZjMSs2,JM Bales,9034,[],37
50ifAXDdkDGG0RTON2If8K,Slapshock,179152,"['opm', 'pinoy metal', 'pinoy rock']",46
5t5FqBwTcgKTaWmfEbwQY9,ENHYPEN,5302092,"['anime', 'k-pop boy group']",75
6iVo62B0bdTknRcrktCmak,KAI,967751,['k-pop'],71
7IlRNXHjoOCgEAWN5qYksg,Aya Nakamura,3923680,['basshall'],74
7MmIC8lbUdmL6c05M63KF6,The Rossman Ensemble,168,[],12
2tIP7SsRs7vjIcLrU85W8J,The Kid LAROI,4472663,"['australian hip hop', 'pop']",83
6XpaIBNiVzIetEPCWDvAFP,Whitney Houston,9068952,"['dance pop', 'pop']",78
4QQgXkCYTt3BlENzhyNETg,"Earth, Wind & Fire",3836399,"['disco', 'funk', 'jazz funk', 'quiet storm', 'soul']",73
0bBz5bRBkExaej2HxtVfCw,347aidan,415451,['sad rap'],68
05YVYeV4HxYp5rrWalvuE1,"Grover Washington, Jr.",291665,['smooth jazz'],64
1McMsnEElThX1knmY4oliG,Olivia Rodrigo,24755114,['pop'],84
0ZUvK7zGdXLd78mQr3t1Tw,Ricky Montgomery,1462755,"['indie pop', 'la indie', 'pop']",70
1HkpK55jsORzgtOURbOeQH,1096 Gang,61096,"['pinoy hip hop', 'tagalog rap']",43
4fxd5Ee7UefO4CUXgwJ7IP,Giveon,2895198,"['pop', 'r&b']",80
0TnOYISbd1XYRBk9myaseg,Pitbull,9921827,"['dance pop', 'miami hip hop', 'pop', 'pop rap']",83
1IQ4CjwKkdARjL5KtYiMt4,Ez Mil,72155,['pinoy trap'],42
2Cm26ufVCzZu7XVrLH3P6O,Hey Its Je,23365,"['pinoy hip hop', 'tagalog rap']",46
5WHKBKrvTBMPoQX3v3Bq8J,Leah Nobel,17717,['nashville singer-songwriter'],44
2joIhhX3Feq47H4QXVDOr3,RINI,645145,"['australian r&b', 'bedroom soul', 'chill r&b', 'pop']",63
2d3VHzlOEwXvmBdS4pzOPL,LeAnn Rimes,1256658,"['country', 'country dawn', 'dance pop', 'post-teen pop']",63
3Z02hBLubJxuFJfhacLSDc,Bryan Adams,3061858,"['album rock', 'canadian pop', 'canadian singer-songwriter', 'classic canadian rock', 'heartland rock', 'mellow gold', 'soft rock']",76
6gezkje7GoJlQbHBgLXHuu,Destiny Rogers,139346,[],55
6cK3NBO6uP7hh0oyuVELFl,Saweetie,1766568,"['cali rap', 'dance pop', 'pop', 'rap', 'trap queen']",72
6jGMq4yGs7aQzuGsMgVgZR,Lil Tjay,6386764,"['brooklyn drill', 'melodic rap', 'nyc rap']",82
1U1el3k54VvEUzo3ybLPlM,Kali Uchis,4000145,"['colombian pop', 'pop']",86
4RA4PC3WHM9OHZLExirTcU,APO Hiking Society,751362,"['classic opm', 'opm']",58
1uU7g3DNSbsu0QjSEqZtEd,Masked Wolf,661830,['australian hip hop'],68
7yaaxrkMOWJZXpIYHkppDH,Angela Ken,34254,"['opm', 'pinoy singer-songwriter']",42
1tM4ox3QsSpl3R2VwLjJ47,Larissa Lambert,41924,['chill r&b'],54
3eVa5w3URK5duf6eyVDbu9,ROSÉ,3762262,['k-pop'],67
6l880dxsvN2x5wiceaG6D0,Rico Blanco,567738,"['opm', 'pinoy indie', 'pinoy rock', 'pop rock']",54
2vnB6tuQMaQpORiRdvXF9H,Beach Bunny,1118420,"['bubblegrunge', 'chicago indie', 'indie pop', 'indie rock']",69
3klZnJvYGIbWritVwQD434,Duncan Laurence,473437,['dutch pop'],69
1WgXqy2Dd70QQOU7Ay074N,AURORA,2914548,"['art pop', 'norwegian pop']",75
0FRUZvZNPzM3YJMABJxf2K,WENDY,820827,"['k-pop', 'korean pop']",57
67IN4cLJ7798gUapyZlmac,Zack Tabudlo,2676872,"['acoustic opm', 'p-pop', 'pop']",73
6AgTAQt8XS6jRWi4sX7w49,Polo G,9339742,"['chicago rap', 'rap']",84
73B9bjqS2Z5KLXNGqXf64m,Weeekly,534412,['k-pop'],54
3pc0bOVB5whxmD50W79wwO,keshi,2407516,"['chill r&b', 'pop']",79
3ZSbXArE6mxOleJnsumK4u,eAeon,156151,"['k-indie', 'korean electropop']",50
3aQeKQSyrW4qWr35idm0cy,T-Pain,4278720,"['dance pop', 'hip hop', 'pop rap', 'r&b', 'rap', 'southern hip hop', 'urban contemporary']",78
1mCY2mHctggfYiEqpCgcSz,Bonnie Bailey,7090,[],38
1gBUSTR3TyDdTVFIaQnc02,NCT DREAM,6326355,"['k-pop', 'k-pop boy group']",76
4qXC0i02bSFstECuXP2ZpL,Blxst,394995,"['pop rap', 'westcoast flow']",72
1DlYnIiliftt6R21Y5NOW2,Adie,1665255,['pop'],69
26cMerAxjx9GedFt0lMDjm,Bella Poarch,1014370,['modern alternative pop'],67
2WgfkM8S11vg4kxLgDY3F5,StarBoi3,27179,[],53
3Dr5ezvDdYsycy1gfaZWSL,raven,33411,['pinoy indie'],39
0UntV1Bw2hk3fbRrm9eMP6,B.I,632976,['k-pop'],63
043r4OwwUAYREkBLK5jAiV,FM Static,241818,"['canadian ccm', 'canadian pop punk', 'christian alternative rock', 'christian punk', 'pop rock']",53
0sYpJ0nCC8AlDrZFeAA7ub,JOY,688324,['k-pop'],53
5GVk1KCKa1tdHRev4bMw7V,NOBITA,1099883,['opm'],62
7d86ERlvO5UG44j7Va0Y0C,Pamungkas,4414144,['indonesian singer-songwriter'],70
1mcTU81TzQhprhouKaTkpq,Rauw Alejandro,16282844,"['puerto rican pop', 'trap latino', 'urbano latino']",91
3RqBeV12Tt7A8xH3zBDDUF,Kelsea Ballerini,1021754,"['contemporary country', 'country', 'pop']",76
1bgvuzIjHq12cBsfXCoEBe,Nightbirde,181760,[],45
2LkkwxA19J8C52wPQl5bG6,Jamie Miller,415878,"['pop', 'pop soul']",66
0lAWpj5szCSwM4rUMHYmrr,Måneskin,7146583,"['indie rock italiano', 'italian pop']",82
6feZH59Dj4tl1bQ8D2gukz,Donell Lewis,39057,"['nz hip hop', 'pacific islands pop', 'pop rap', 'slow game']",48
4B65DA1kjKLdgTJydNNDHB,8 Ballin',11450,"['pinoy hip hop', 'pinoy trap', 'tagalog rap']",39
70NcAr4ZtA3FAqU16iQZSb,dhruv,447216,"['chill r&b', 'nyc pop', 'pop']",70
4wP1kxjUsc9IR4Iy2smL7o,Trinidad Cardona,181992,['sped up'],63
4yvcSjfu4PC0CYQyLy4wSq,Glass Animals,3726691,"['gauze pop', 'indietronica', 'shiver pop']",78
52zMTJCKluDlFwMQWmccY7,LOONA,2267141,"['k-pop', 'k-pop girl group']",63
7gXy60xRcwYujBFoYHnR2O,Big Red Machine,144836,"['eau claire indie', 'folktronica', 'indie folk', 'indie pop', 'indie rock']",56
2kRfqPViCqYdSGhYSM9R0Q,Madison Beer,5673756,"['alt z', 'dance pop', 'pop', 'post-teen pop']",73
2Ev7vtPI38BE2kQvwmH4ce,Arthur Miguel,351136,['opm'],56
404RA7nuwzYA8WskpMgUp1,Belle Mariano,133884,['opm'],47
3kft86DbqCNr7rjq3pEj0G,Sarah Cothran,273111,['gen z singer-songwriter'],59
2CQZr2RPZmrcvDnaod1ldC,D.O.,1638550,['k-pop'],60
4OBJLual30L7gRl5UkeRcT,T.I.,4534801,"['atl hip hop', 'dance pop', 'dirty south rap', 'gangster rap', 'hip hop', 'pop rap', 'rap', 'southern hip hop', 'trap']",75
70ZTdbPEcEugBNay4MvxfL,Bread,1455239,"['adult standards', 'folk rock', 'mellow gold', 'soft rock']",67
7gXb99Sf9nNmpNYeAgIQFG,Sub Urban,1444326,['modern indie pop'],68
56OjNTX2bkrdGcB0staUOV,A-Wall,54475,['bedroom pop'],59
5GdspZ491zr64zzwVJJjJZ,Shehyee,102336,"['pinoy hip hop', 'tagalog rap']",42
4NslYs4dIwJjyAmfak2Yc2,Lipip,14285,"['pinoy r&b', 'tagalog rap']",45
7okSU80WTrn4LXlyXYbX3P,Clinton Kane,878050,"['alt z', 'gen z singer-songwriter', 'pop']",69
3OGOEwy4VOWKjSAcdiY8Gf,Lance Santdas,9303,"['pinoy hip hop', 'tagalog rap']",46
51sob9QZyfLff9XqvYluN5,Sezairi,103754,"['singaporean pop', 'singaporean singer-songwriter']",54
6TLwD7HPWuiOzvXEa3oCNe,Oliver Tree,2244756,['alternative hip hop'],80
41X1TR6hrK8Q2ZCpp2EqCz,bbno$,1199367,"['canadian hip hop', 'dark trap', 'vapor trap']",74
01XYiBYaoMJcNhPokrg0l0,STAYC,1256395,"['k-pop', 'k-pop girl group']",69
5L1lO4eRHmJ7a0Q6csE5cT,LISA,4255110,['k-pop'],72
2M1iyuNJojQoNdyfIMr54j,jikamarie,27122,['pinoy r&b'],43
2kCO8LXN1usaOPL3iEE28I,Tai Verdes,730587,"['modern indie pop', 'pop']",69
64H8UqGLbJFHwKtGxiV8OP,THE ANXIETY,159796,['modern alternative pop'],62
3PhoLpVuITZKcymswpck5b,Elton John,11319738,"['glam rock', 'mellow gold', 'piano rock']",84
048LktY5zMnakWq7PTtFrz,CKay,1247703,['afro r&b'],72
1FtBEIWAwvw5ymBen5GICR,Chlöe,275357,"['dance pop', 'pop', 'post-teen pop', 'r&b', 'rap']",68
3uwAm6vQy7kWPS2bciKWx9,girl in red,5887567,"['bedroom pop', 'indie pop', 'norwegian indie', 'pop']",76
4pfy05cNNTacuOQ6SiSu4v,Lyn Lapid,387326,"['gen z singer-songwriter', 'indie pop']",61
027TpXKGwdXP7iwbjUSpV8,The Walters,470154,['chicago indie'],72
64k5e9kV9MdukXjFrR5R37,Jessi,1662521,['k-pop'],63
35R1B97CfrqKFFI3QBkTDx,RealestK,270523,['pop'],67
7c1HgFDe8ogy5NOZ1ANCJQ,"Car, the garden",133875,"['k-indie', 'korean pop']",52
1h6Cn3P4NGzXbaXidqURXs,Swedish House Mafia,3679829,"['dance pop', 'edm', 'electro house', 'pop', 'pop dance', 'progressive electro house']",77
1Cd373x8qzC7SNUg5IToqp,BoyWithUke,3223543,['sad rap'],77
0hDjKSKjl1DC7ovYTDJHe8,Bruno Major,1102090,['pop'],67
42daDEQTdYaqtHG5sH5HMD,Celina Sharma,24966,[],52
5vV3bFXnN6D6N3Nj4xRvaV,JIN,5469743,['k-pop'],71
7zkwepHPyac6tCYl0fL0co,ASTN,260184,"['bedroom soul', 'chill r&b', 'indie r&b', 'pop']",63
22wbnEMDvgVIAGdFeek6ET,Benson Boone,549231,['pop'],72
4XDi67ZENZcbfKnvMnTYsI,Jay Park,1918379,"['k-pop', 'k-rap', 'korean r&b', 'pop']",69
21UPYSRWFKwtqvSAnFnSvS,Amaarae,158444,"['afro r&b', 'alternative r&b', 'ghanaian alternative', 'ghanaian pop']",66
2VSHKHBTiXWplO8lxcnUC9,GAYLE,569481,['modern alternative pop'],69
6QrQ7OrISRYIfS5mtacaw2,Jaymes Young,869974,"['indie poptimism', 'modern rock', 'pop']",71
051S1Ka6cz3BQ5kobDhIvj,M Zhayt,8262,"['pinoy hip hop', 'tagalog rap']",40
6RHTUrRF63xao58xh9FXYJ,IVE,1890484,['k-pop girl group'],75
31fsDbpNPKe346urriO4ma,mrld,291276,['opm'],65
71szvmFWd7TUa7b6XmXj9k,Emmy Meli,156416,['high vibe'],56
4pnp4w9g30yLfVIAFnZMRd,ACRAZE,89424,"['covertronica', 'dance pop', 'edm', 'pop dance', 'tropical house']",70
5Qnl3RAtzne7J1dxRv1UBc,NCT 2021,204602,['k-pop'],43
1Hcbuz175YJT1vMX4DnS6E,Bugoy Na Koykoy,222809,"['pinoy alternative rap', 'pinoy hip hop', 'tagalog rap']",52
67lytN32YpUxiSeWlKfHJ3,Yung Lean,795487,"['psychedelic hip hop', 'underground hip hop']",67
72Nhcx7prNk2ZCxhx0Y5es,Amy Grant,208619,"['adult standards', 'christian music']",55
60glra0QYcARAJr4OeJVNP,blondette,1357,[],65
29PgYEggDV3cDP9QYTogwv,Carolina Gaitán - La Gaita,48462,['latin viral pop'],61
329e4yvIujISKGKz1BZZbO,Farruko,14927334,"['latin hip hop', 'reggaeton', 'trap latino', 'urbano latino']",84
7i9j813KFoSBMldGqlh2Z1,Riton,109737,"['dance pop', 'edm', 'house', 'pop dance', 'tropical house', 'uk dance']",68
2l35CQqtYRh3d8ZIiBep4v,MKTO,1025163,"['dance pop', 'pop', 'pop rap', 'pop rock', 'post-teen pop']",67
4vdAAzZBUKbsrvHi6UR7B7,Jessica Darrow,17683,[],59
18MFcGBHtyW0mU3ufcm0X1,Diane Guerrero,5656,[],63
6uNxlIP5lzPFf0BHuELOuX,GOT the beat,536334,['k-pop'],61
5R7AMwDeroq6Ls0COQYpS4,Kep1er,1084601,['k-pop'],62
4TdiASPlU3QdZvGQBothcQ,WOOZI,164758,[],43
1NRzxuPpdGushT8YmF5NAa,Edison Lighthouse,40012,['bubblegum pop'],59
5PYToRCsrnvikZg3yl2JMr,Stephanie Beatriz,39352,"['hollywood', 'show tunes']",68
2qnQOnL1oLKtH779qZ6iuR,Ylona Garcia,125916,[],47
6SKusTjOAPsTZ6kareKQdm,TAEYONG,1034455,['k-pop'],57
07YUOmWljBTXwIseAUd9TW,Sebastian Yatra,21297219,"['colombian pop', 'latin pop', 'reggaeton colombiano']",82
79AyR6ATpj2LTPxfb6FX50,Lauren Spencer Smith,881499,"['alt z', 'gen z singer-songwriter', 'pop']",70
4t5uGGNiFjujYEEyVVDEwc,Alfie Castley,20733,[],43
73BLwSX6gsNeVzS7DgI4xe,grentperez,307091,['chill r&b'],64
35CFI6iSFTyM0scQKBu8eE,Kim Kyung Hee,24100,['korean ost'],46
09wV1iFg4DBtreMGzepTaE,Gatton,85880,['gen z singer-songwriter'],55
6sCbFbEjbYepqswM1vWjjs,Zendaya,3863123,"['dance pop', 'pop', 'post-teen pop']",71
2hlmm7s2ICUX0LVIhVFlZQ,Gunna,5125186,"['atl hip hop', 'hip hop', 'melodic rap', 'rap', 'trap']",85
7tjVFCxJdwT4NdrTmjyjQ6,Muni Long,236097,"['indie r&b', 'pop', 'pop r&b', 'r&b']",64
70DFixYAFPv4Pf9kgSfR9O,MARK,469944,[],49
6SuhlH2L1NB53bBscBqAdu,David Pomeranz,203051,"['opm', 'soft rock']",56
6HaGTQPmzraVmaVxvz6EUc,Jung Kook,6822298,['k-pop'],77
3KV3p5EY4AvKxOlhGHORLg,Jeremih,6239737,"['chicago rap', 'dance pop', 'pop', 'pop rap', 'r&b', 'urban contemporary']",75
6tbjWDEIzxoDsBA1FuhfPW,Madonna,6856733,"['dance pop', 'pop']",79
2W8yFh0Ga6Yf3jiayVxwkE,Dove Cameron,4118972,"['pop', 'post-teen pop']",74
2P3aLwJ41aRYkyFFw2FRM7,Sam Concepcion,170069,['opm'],49
3b1iS74Wn1vc8DMDoxXu3s,J-King,15119,[],43
48vmXfV0QPy3ljXBp81Fwn,Coyote Theory,105833,[],65
28ot3wh4oNmoFOdVajibBl,NMIXX,1315109,['k-pop girl group'],71
7o2ZQYM7nTsaVdkXY38UAA,Em Beihold,321893,"['alt z', 'gen z singer-songwriter']",77
164Uj4eKjl6zTBKfJLFKKK,JVKE,2037570,['modern indie pop'],81
4ZZiDxjlriIvH5WQtzFMVk,Ghetto Gecko,61831,"['pinoy hip hop', 'tagalog rap']",49
2zgF783l4A3tMjr081z1wt,Nica del Rosario,11555,[],36
7LzHjduJmIQZGQsh8luHkD,Zae,28359,['pinoy trap'],41
1dFRlDO2Z2gjAARxHlovAS,Lo ki,226016,"['pinoy alternative rap', 'pinoy hip hop', 'pinoy r&b', 'tagalog rap']",58
3rdJ1bFvwgZw2XZkimg5dW,Young Cocoa,12417,[],41
67MNhiAICFY6Pwc2YxCO0K,Elley Duhé,414965,"['alt z', 'pop']",78
3rWZHrfrsPBxVy692yAIxF,WILLOW,2289221,"['afrofuturism', 'pop', 'post-teen pop']",74
4eKq7eArL96wSQjaaMg9Ic,Munimuni,586479,"['opm', 'pinoy indie']",56
4Kxlr1PRlDKEB0ekOCyHgX,BIGBANG,5069863,"['k-pop', 'k-pop boy group']",66
2HPqVfdPh9JkBSlFG5hK6h,anees,384964,[],62
7qmpXeNz2ojlMl2EEfkeLs,Nicky Youre,136819,['pop'],73
3jjbX9cm5Np3ekAypS71si,Cliff,4316,[],48
1oSPZhvZMIrWW5I41kPkkY,Jimin,4730576,[],86
3L1qgTsUqavkiygkIKfWJD,Denise Julia,81888,[],59
581C5Qwl87TskfBEzuoisu,Cafuné,154870,['brooklyn indie'],68
33rSKWwmnBGNLBipO7E7oM,Gabriel Valenciano,2243,[],14
2dd5mrQZvg6SmahdgVKDzh,PSY,1618880,"['k-pop', 'k-rap', 'korean old school hip hop']",66
5uRUbTUQysRUR7PUy7pimM,Ric Segreto,63830,"['classic opm', 'opm', 'soft rock']",55
4SpbR6yFEvexJuaBpgAU5p,LE SSERAFIM,1848823,[],76
5XKFrudbV4IiuE5WuTPRmT,Stephen Sanchez,559883,"['gen z singer-songwriter', 'pop']",80
6XUGs69dkSiTUQCBdpiT31,Agat,1389,[],19
69bG9tC62d8oTFC9aTTosn,New West,191382,"['pop', 'toronto indie']",74
1vfezMIyCr4XUdYRaKIKi3,Keyshia Cole,3433491,"['contemporary r&b', 'dance pop', 'hip pop', 'neo soul', 'pop r&b', 'r&b', 'rap', 'urban contemporary']",69
1aSxMhuvixZ8h9dK9jIDwL,Kate Bush,1664854,"['art pop', 'art rock', 'baroque pop', 'new wave pop', 'permanent wave', 'piano rock', 'singer-songwriter']",72
3jNm5wvIx1eR5NDdXhMkNV,Duke & Jones,50931,['uk dance'],56
4Ly0KABsxlx4fNj63zJTrF,Seafret,818509,"['folk-pop', 'pop']",73
1VwDG9aBflQupaFNjUru9A,NAYEON,902369,['k-pop'],65
29zSTMejPhY0m7kwNQ9SPI,Lola Amour,377512,"['opm', 'pinoy indie']",62
4fwuXg6XQHfdlOdmw36OHa,Paloma Faith,1167887,"['british soul', 'dance pop']",70
53A0W3U0s8diEn9RhXQhVz,Keane,2890659,"['neo mellow', 'piano rock', 'pop rock']",74
57vWImR43h4CaDao012Ofp,Steve Lacy,3131779,['afrofuturism'],83
2YOYua8FpudSEiB9s88IgQ,Yung Gravy,1574048,"['minnesota hip hop', 'pop rap']",72
46xBNx0j6cwY6sD9LgMTm1,Rosa Linn,244091,['alt z'],75
6HvZYsbFfjnjFrWF950C9d,NewJeans,2932403,"['k-pop', 'k-pop girl group']",84
0Sadg1vgvaPqGTOjxu0N6c,Girls' Generation,2385467,"['k-pop', 'k-pop girl group']",66
7Ln80lUS6He07XvHI8qqHH,Arctic Monkeys,19269784,"['garage rock', 'modern rock', 'permanent wave', 'rock', 'sheffield indie']",88
1Qp56T7n950O3EGMsSl81D,Ghost,2316842,"['hard rock', 'metal']",76
6bDWAcdtVR3WHz2xtiIPUi,Fujii Kaze,1980537,['japanese teen pop'],76
5kjFzBMHeoAx9xksFSwfUW,yuji,113540,[],66
6vbKIm1WsvhMMDpthYONc1,Balming Tiger,50092,['k-rap'],54
3mzdfGKp0mQXzuNoS8z915,Cookie$,37721,"['bisaya rap', 'pinoy hip hop', 'vispop']",48
0z4gvV4rjIZ9wHck67ucSV,Akon,3682672,['dance pop'],81
2owtRYReKCG1n2AAS5AcpS,Kenaniah,69512,"['opm', 'pinoy indie']",60
5y8tKLUfMvliMe8IKamR32,d4vd,921207,['bedroom pop'],82
0DpLoyGVbhOHNR3ht2oO9y,Calein,95132,"['pinoy city pop', 'pinoy indie']",61
2QM5S4yO6xHgnNvF0nbZZq,SEULGI,842954,['k-pop'],61
2EMAnMvWE2eb56ToJVfCWs,Bryson Tiller,6778960,"['kentucky hip hop', 'pop', 'r&b', 'rap', 'trap']",80
3WyQJx169swY8v3htgAqaK,Calvin De Leon,17709,"['pinoy hip hop', 'tagalog rap']",54
3sXwEUqxSzb11VpuFa5cvJ,Stacey Ryan,135355,[],68
46pWGuE3dSwY3bMMXGBvVS,Rema,2120903,['nigerian pop'],82
6bVVssXSh08il9SKx18XOA,Wilbert Ross,34402,"['opm', 'tagalog rap']",46
6lxMgbHCSwSRL4LuoUkAJQ,The Endorphins,6148,['swedish electropop'],46
0f2YkMXwFNJNSX7MymevKE,Kaash Paige,336249,['r&b'],69
360IAlyVv4PCEVjgyMZrxK,Miguel,4572211,"['dance pop', 'pop', 'r&b']",83
0iEtIxbK0KxaSlF7G42ZOp,Metro Boomin,3997887,['rap'],90
0jUQSUOcM7lxVn5eVGTkzQ,Justine Skye,743099,"['pop', 'pop r&b']",72
4bLLB1dbsRVUTcMpnDGDO2,SunKissed Lola,127075,['pinoy indie rock'],66
78rUTD7y6Cy67W1RVzYs7t,PinkPantheress,1938962,[],84
4wjgqUtfS9TNfMHhjEqAb7,PLAYERTWO,7186,[],52
0r63ReVRjxrS4ATbLrdcrL,Hoang Thuy Linh,768612,['v-pop'],61
5KKpBU5eC2tJDzf0wmlRp2,RAYE,825324,"['dance pop', 'pop', 'uk contemporary r&b']",81
0LcJLqbBmaGUft1e9Mm8HV,ABBA,9964085,"['europop', 'swedish pop']",81
3MdXrJWsbVzdn6fe5JYkSQ,Latto,1006459,"['pop', 'r&b', 'rap', 'trap queen']",72
5FxD8fkQZ6KcsSYupDVoSO,Omar Apollo,782329,"['bedroom pop', 'bedroom soul', 'pop']",74
1CFjJMSXKmctvTXBA6uQkE,iluna,18079,[],57
3zMIe4QuRLRn7JDkxBeENc,VNCE,8331,"['pinoy hip hop', 'tagalog rap']",46
13VRqzYJxIUpx67aASZADe,Soapdish,218398,"['opm', 'pinoy rock', 'pop rock']",50
6udveWUgX4vu75FF0DTrXV,TAEYANG,984335,['korean r&b'],71
61nn6nOoLWjVC1ER2qFAvN,Cup of Joe,210839,"['opm', 'pinoy city pop', 'pinoy indie']",59
7kjSuFGKhLm8b5qXoMhRkJ,Libianca,137040,[],75
0WU77FbXaPSbcMcrOSJQXc,Adrian Milanio,46501,[],39
716NhGYqD1jl2wI1Qkgq36,Bizarrap,10085014,"['argentine hip hop', 'pop venezolano', 'trap argentino', 'trap latino', 'urbano latino']",88
3IJ21966TwNZI24MwZHMu4,Baby Tate,314882,"['alternative r&b', 'pop', 'rap', 'trap queen', 'viral rap']",72
6AMd49uBDJfhf30Ak2QR5s,Coi Leray,534359,"['new jersey underground rap', 'rap', 'trap queen']",78
3XGlotxI2yAE3RV0DX6oD2,Noah Alejandre,12763,[],55
0LOK81e9H5lr61HlGGHqwA,XG,484358,[],71
4LT250S0fAe4cYqPbRk56m,Cean Jr.,21462,"['pinoy hip hop', 'pinoy r&b', 'tagalog rap']",54
1uAT5bTSp6dWbNmixIUP5t,BSS,265907,['k-pop'],64
45n4dyhe8nXULBDb6wHSXe,Zia Quizon,13431,['opm'],47
35l9BRT7MXmM8bv2WDQiyB,beabadoobee,1892921,"['bedroom pop', 'bubblegrunge', 'indie pop', 'pop']",77
6Ge3YISmUWPCUcSVx8VGor,Keenan Te,160610,"['gen z singer-songwriter', 'pop']",63
1GmsPCcpKgF9OhlNXjOsbS,Lizzy McAlpine,529708,"['boston folk', 'indie pop', 'pop']",78
6Dp4LInLyMVA2qhRqQ6AGL,Dilaw,38283,[],64
6Dg35SGkgpUJ2hGAYrx5Qa,Jeff Grecia,16037,['tagalog rap'],61
1chOgh5tgwfiyJ2zhUHwBj,Dionela,53753,['opm'],54
4GJ6xDCF5jaUqD6avOuQT6,FIFTY FIFTY,325207,[],77
4NsbfTEC3nOcc0vOpZ1rRc,HELLMERRY,21845,"['pinoy hip hop', 'tagalog rap']",54
6UZ0ba50XreR4TM8u322gs,JISOO,655567,[],75
7xj1YIDzHU6vkUwP76NEyx,Music Factory,7612,['sped up'],64
